yugipedia_page_id,konami_id,password,name,text,pendulum,comments
,12719,,"마계대본 ""화룡의 거처""","""마계대본 ""화룡의 거처""""의 ②의 효과는 1턴에 1번밖에 사용할 수 없다. ①: 자신 필드의 ""마계극단"" 몬스터 1장을 대상으로 하고 발동할 수 있다. 이 턴에, 그 몬스터가 전투로 상대 몬스터를 파괴했을 경우, 상대는 엑스트라 덱에서 몬스터 3장을 고르고 제외한다. ②: 자신의 엑스트라 덱에 앞면 표시의 ""마계극단"" 펜듈럼 몬스터가 존재하고, 세트된 이 카드가 상대의 효과로 파괴되었을 경우에 발동할 수 있다. 상대의 엑스트라 덱을 확인하고, 그 중의 1장을 골라 제외한다.",,typo or mistranslation
,4029,,사악한 웜 괴물,"자신 턴의 엔드 페이즈시, 앞면 표시로 필드 위에 존재하는 이 카드는 주인의 패로 되돌아간다.",,omitted erratum: http://www.tcgshop.co.kr/upload/goods/c75489_BP2-KR090.jpg
,4904,,변덕스런 재단사,몬스터에 장착되어 있는 장착 카드 1장을 다른 적절한 대상에게 옮긴다.,,omitted erratum: http://www.tcgshop.co.kr/upload/goods/c70136_BP1-KR026.jpg
,4976,,정신 기생체,"뒷면 수비 표시의 이 카드를 상대 몬스터가 공격했을 때, 이 카드는 공격 몬스터의 장착 카드가 된다(데미지 계산은 실행하지 않는다). 상대 턴의 스텐바이 페이즈마다 자신은 장착 몬스터의 공격력 절반의 라이프 포인트를 회복한다.",,omitted erratum: http://www.tcgshop.co.kr/upload/goods/c74924_BP1-KR093.jpg
,5499,,다크 제로이드,"이 몬스터가 일반 소환 / 반전 소환 / 특수 소환에 성공했을 때, 필드 위의 앞면 표시 몬스터 1장을 선택한다. 그 몬스터는 필드 위에 앞면 표시로 존재하는 한, 공격력은 800 포인트 내린다.",,omitted erratum: http://www.tcgshop.co.kr/upload/goods/c02458_HGP1-KR004.jpg
,5896,,암흑 대요새호,"자신 필드 위의 ""어뢰어"" 1장을 제물로 바치는 것으로, 필드 위의 몬스터 1장을 파괴한다. 자신 필드 위의 ""포환 창조개"" 1장을 제물로 바치는 것으로, 필드 위의 마법 / 함정 카드 1장을 파괴한다.",,omitted erratum: https://www.yugioh.co.kr/board/board_info.php?b_category=important&b_no=89
,5897,,포환 창조개,"""바다""가 필드 위에 존재하는 한, 이 카드는 마법의 효과를 받지 않는다.",,omitted erratum: https://www.yugioh.co.kr/board/board_info.php?b_category=important&b_no=89
,7408,,스플릿 데먼 로즈,"이 카드가 전투에 의해서 파괴되어 묘지로 보내졌을 때, 자신 필드 위에 ""데먼 로즈 토큰""(식물족 / 어둠 속성 / 레벨 3 / 공격력 1200 / 수비력 1200)을 2장 특수 소환할 수 있다.",,omitted erratum: https://www.yugioh.co.kr/board/board_info.php?b_category=important&b_no=50
,7923,,리바이벌 기프트,"자신의 묘지에 존재하는 튜너 1장을 선택하고 특수 소환한다. 이 효과로 특수 소환한 몬스터의 효과는 무효화된다. 상대 필드 위에 ""기프트 데몬 토큰""(악마족 / 어둠 속성 / 레벨 3 / 공격력 1500 / 수비력 1500) 2장을 특수 소환한다.",,omitted erratum: https://www.yugioh.co.kr/board/board_info.php?b_category=important&b_no=50
,9324,,사운드 워리어 베이시스,"1턴에 1번, 필드 위에 앞면 표시로 존재하는 ""사운드 워리어""라는 이름이 붙은 몬스터 1장을 선택하고 발동한다. 엔드 페이즈시까지, 선택한 몬스터의 레벨을 패의 매수만큼 올린다. 또한 자신의 묘지에 존재하는 이 카드를 게임에서 제외하는 것으로, 자신 필드 위에 앞면 표시로 존재하는 ""사운드 워리어""라는 이름이 붙은 몬스터 1장의 레벨을 엔드 페이즈시까지 패의 매수만큼 올린다.",,omitted erratum: https://www.yugioh.co.kr/board/board_info.php?b_category=important&b_no=170
,9325,,사운드 워리어 드럼스,"속성을 1개 선언하고, 필드 위에 앞면 표시로 존재하는 ""사운드 워리어""라는 이름이 붙은 몬스터 1장을 선택하고 발동한다. 선택한 몬스터는 선언한 속성이 된다. 이 효과는 1턴에 1번밖에 사용할 수 없다. 또한, 속성을 1개 선언하고, 자신의 묘지에 존재하는 이 카드를 게임에서 제외하는 것으로, 자신 필드 위에 앞면 표시로 존재하는 ""사운드 워리어""라는 이름이 붙은 몬스터 1장은 선언한 속성이 된다.",,omitted erratum: https://www.yugioh.co.kr/board/board_info.php?b_category=important&b_no=170
,9326,,사운드 워리어 피아노,"종족을 1개 선언하고, 필드 위에 앞면 표시로 존재하는 ""사운드 워리어""라는 이름이 붙은 몬스터 1장을 선택하고 발동한다. 선택한 몬스터는 선언한 종족이 된다. 이 효과는 1턴에 1번밖에 사용할 수 없다. 또한, 종족을 1개 선언하고, 자신의 묘지에 존재하는 이 카드를 게임에서 제외하는 것으로, 자신 필드 위에 앞면 표시로 존재하는 ""사운드 워리어""라는 이름이 붙은 몬스터 1장은 선언한 종족이 된다.",,omitted erratum: https://www.yugioh.co.kr/board/board_info.php?b_category=important&b_no=170
,11608,,사운드 워리어 기타스,"①: 이 카드가 일반 소환에 성공했을 때, 자신 묘지의 ""사운드 워리어"" 몬스터 1장을 대상으로 하고 발동할 수 있다. 그 몬스터를 특수 소환한다.","""사운드 워리어 기타스""의 펜듈럼 효과는 1턴에 1번밖에 사용할 수 없다. ①: 패를 1장 버리고 발동할 수 있다. 덱에서 ""사운드 워리어 기타스"" 이외의 ""사운드 워리어"" 몬스터 1장을 특수 소환한다.",omitted erratum: https://www.yugioh.co.kr/board/board_info.php?b_category=important&b_no=170
,11609,,사운드 워리어 사이저스,"①: 이 카드가 리버스했을 경우에 발동할 수 있다. 덱에서 ""사운드 워리어 사이저스"" 이외의 ""사운드 워리어"" 몬스터 1장을 패에 넣는다. ②: 1턴에 1번, ""사운드 워리어 사이저스"" 이외의 자신 필드 / 묘지의 ""사운드 워리어"" 몬스터 1장을 대상으로 하고 발동할 수 있다. 이 카드는 엔드 페이즈까지, 그 몬스터와 같은 이름의 카드로 취급하고, 같은 효과를 얻는다. ③: 묘지의 이 카드를 제외하고, ""사운드 워리어 사이저스"" 이외의 제외되어 있는 자신의 ""사운드 워리어"" 몬스터 1장을 대상으로 하여 발동할 수 있다. 그 몬스터를 특수 소환한다.",,omitted erratum: https://www.yugioh.co.kr/board/board_info.php?b_category=important&b_no=170
,11610,,앰플리파이어,"①: 이 카드가 필드 존에 존재하는 한, ""사운드 워리어"" 카드의 효과가 발동할 때마다 이 카드에 음향 카운터를 1개 놓는다. ②: 필드의 ""사운드 워리어"" 몬스터의 공격력은, 이 카드의 음향 카운터의 수 × 100 올린다. ③: 1턴에 1번, 자신 필드의 음향 카운터를 5개 또는 7개 제거하고 이하의 효과를 발동할 수 있다.
●5개: 필드의 ""사운드 워리어"" 카드의 수 × 300 데미지를 상대에게 준다.
●7개: 필드의 ""사운드 워리어"" 카드의 수까지, 상대의 필드 / 묘지의 카드를 고르고 제외한다.",,omitted erratum: https://www.yugioh.co.kr/board/board_info.php?b_category=important&b_no=170
,12029,,사운드 워리어 마이크스,"①: 이 카드는 자신 필드의 음향 카운터를 3개 제거하고, 패에서 특수 소환할 수 있다. ②: 이 카드가 일반 소환 / 특수 소환에 성공한 턴에, 자신은 통상 소환 외에도 1번만, 자신 메인 페이즈에 몬스터 1장을 일반 소환할 수 있다.","①: 다른 한쪽 자신의 펜듈럼 존에 ""사운드 워리어"" 카드가 존재하지 않을 경우, 이 카드의 펜듈럼 스케일은 4 가 된다. ②: 자신 엔드 페이즈에, 제외되어 있는 자신의 ""사운드 워리어"" 몬스터 1장을 대상으로 하고 발동할 수 있다. 그 몬스터를 패에 넣는다.",omitted erratum: https://www.yugioh.co.kr/board/board_info.php?b_category=important&b_no=170
,4239,,악몽의 암흑 마신,,,difference with printed version: http://www.card09.com/upload/goods/c1207795345_333.gif
,4745,,마법의 어릿광대,"""마법의 어릿광대""의 ②의 효과는 1턴에 1번밖에 사용할 수 없다. ①: 이 카드가 몬스터 존에 존재하는 한, 자신은 통상 소환 외에도 1번만, 자신 메인 페이즈에 마법사족 몬스터 1장을 앞면 공격 표시로 어드밴스 소환할 수 있다. ②: 이 카드가 필드에서 묘지로 보내졌을 경우에 발동할 수 있다. 자신의 덱 / 묘지에서 마법사족의 일반 몬스터 1장을 고르고 패에 넣는다.",,difference with printed version: http://www.tcgshop.co.kr/upload/goods/c46977_DP16-KR003.jpg
,5481,,최후라면 함께,"""최후라면 함께""는 1턴에 1장밖에 발동할 수 없다. ①: 서로의 패가 3장 이상의 경우에 발동할 수 있다. 서로 패를 전부 좋아하는 순서대로 덱의 아래로 되돌리고, 자신은 이 효과로 서로 덱으로 되돌린 카드의 수 × 300 LP를 상실한다. 그 후, 서로 덱에서 5장 드로우한다.",,difference with printed version: http://www.tcgshop.co.kr/upload/goods/c46982_DP16-KR005.jpg
,6075,,네크로페이스,"이 카드가 일반 소환에 성공했을 때, 게임에서 제외되어 있는 카드를 전부 덱으로 돌리고 셔플한다. 이 카드의 공격력은 이 효과로 덱으로 되돌린 카드의 매수 × 100 포인트 올린다. 이 카드가 게임에서 제외되었을 때, 양쪽 플레이어는 덱 위에서 카드를 5장 게임에서 제외한다.",,difference with printed version: http://www.tcgshop.co.kr/upload/goods/c08613_PP04-KR024.jpg
,6555,,다크 레드 인챈터,"이 카드가 일반 소환에 성공했을 때, 이 카드에 마력 카운터를 2개 놓는다. 이 카드가 필드 위에 앞면 표시로 존재하는 한, 자신 또는 상대가 마법 카드를 발동할 때마다, 이 카드에 마력 카운터를 1개 놓는다. 이 카드에 얹혀 있는 마력 카운터 1개당, 이 카드의 공격력은 300 포인트 올린다. 1턴에 1번, 이 카드에 얹혀 있는 마력 카운터를 2개 제거하는 것으로, 상대의 패를 무작위로 1장 버린다.",,difference with printed version: http://www.tcgshop.co.kr/upload/goods/c35702_SD16-KR008.jpg
,6645,,황금의 호문쿨루스,"이 카드의 공격력과 수비력은,게임에서 제외되어 있는 자신의 카드 수 × 300 포인트 올린다.",,difference with printed version: http://www.tcgshop.co.kr/upload/goods/c08850_PP04-KR020.jpg
,6646,,원시태양 헬리오스,"이 카드의 공격력과 수비력은,게임에서 제외되어 있는 몬스터의 수 × 100 포인트가 된다.",,difference with printed version: http://www.tcgshop.co.kr/upload/goods/c08753_PP04-KR021.jpg
,6647,,헬리오스 듀오 메기스트스,"이 카드는 자신 필드 위의 ""원시태양 헬리오스"" 1장을 릴리스하는 것으로 특수 소환할 수 있다. 이 카드의 공격력과 수비력은, 게임에서 제외되어 있는 몬스터 카드의 수 × 200 포인트가 된다. 이 카드가 전투에 의해서 파괴되어 묘지에 보내졌을 경우, 엔드 페이즈시에 공격력 / 수비력을 300 포인트 올리고 특수 소환된다.",,difference with printed version: http://www.tcgshop.co.kr/upload/goods/c08688_PP04-KR022.jpg
,7018,,메탈 슈터,"이 카드가 일반 소환에 성공했을 때, 이 카드에 카운터를 2개 놓는다. 이 효과에 의해서 카드에 얹은 카운터 1개당, 이 카드의 공격력은 800 포인트 올린다. 이 카드가 다른 카드의 효과에 의해서 파괴될 경우, 대신에 이 카드의 카운터를 1개 제거한다.",,difference with printed version: http://www.tcgshop.co.kr/upload/goods/c08310_PP04-KR028.jpg
,7019,,데스 모스키토,"이 카드가 일반 소환 / 특수 소환에 성공했을 때, 이 카드에 카운터를 2개 놓는다. 이 효과에 의해서 카드에 얹은 카운터 1개당, 이 카드의 공격력은 500 포인트 올린다. 이 카드가 전투에 의해서 파괴될 경우, 대신에 이 카드의 카운터를 1개 제거한다.",,difference with printed version: http://www.tcgshop.co.kr/upload/goods/c07522_PP04-KR030.jpg
,7269,,다이아몬드더스트 싸이클론,,,difference with printed version: http://www.tcgshop.co.kr/upload/goods/c77749_GLAS-KR048.jpg
,7332,,듀얼 서머너,"상대의 엔드 페이즈시에 1번만 500 라이프 포인트를 지불하고 발동할 수 있다. 패 또는 자신 필드 위에 앞면 표시로 존재하는 듀얼 몬스터 1장을 일반 소환 / 세트한다. 또한, 이 카드는 1턴에 1번만, 전투로는 파괴되지 않는다.",,difference with printed version: http://www.tcgshop.co.kr/upload/goods/c35005_TP05-KR003.jpg
,7334,,사우전드 아이즈 피시,"이 카드는 일반 소환 / 세트할 수 없다. 자신 필드 위에 존재하는 ""오션즈 오퍼"" 1장을 릴리스한 경우에만 특수 소환할 수 있다. 이 카드가 자신 필드 위에 앞면 표시로 존재하는 한, 상대는 패를 계속해서 공개해야 한다.",,difference with printed version: http://www.tcgshop.co.kr/upload/goods/c68048_EXP1-KR005.jpg
,7335,,마더 브레인,"이 카드는 자신 필드 위에 존재하는 ""오션즈 오퍼"" 1장을 릴리스하고, 패에서 특수 소환할 수 있다. 패에서 물 속성 몬스터 1장을 묘지에 버리는 것으로, 필드 위에 세트된 카드 1장을 파괴한다.",,difference with printed version: http://www.tcgshop.co.kr/upload/goods/c68076_EXP1-KR006.jpg
,7336,,심해왕 데블 샤크,"이 카드는 1턴에 1번만, 대상을 지정하지 않는 카드의 효과로는 파괴되지 않는다.",,difference with printed version: http://www.tcgshop.co.kr/upload/goods/c68106_EXP1-KR007.jpg
,7337,,모므,"자신 필드 위에 앞면 표시로 존재하는 땅 속성 몬스터 1장을 릴리스하고 발동한다. 필드 위에 앞면 표시로 존재하며, 릴리스한 몬스터의 공격력 이하의 수비력을 가진 몬스터를 전부 파괴한다.",,difference with printed version: http://www.tcgshop.co.kr/upload/goods/c68139_EXP1-KR008.jpg
,7338,,맘모 파슬,"이 카드가 전투에 의해서 상대 몬스터를 파괴하고 묘지로 보냈을 때, 상대 라이프에 400 포인트 데미지를 준다.",,difference with printed version: http://www.tcgshop.co.kr/upload/goods/c68168_EXP1-KR009.jpg
,7404,,킹 미스트,"이 카드를 일반 소환할 경우, 릴리스 1장 또는 릴리스 없이 소환할 수 있다. 이 카드의 공격력은 어드밴스 소환시에 릴리스한 몬스터의 원래 공격력을 합한 수치가 된다. 이 카드가 필드위에 앞면 표시로 존재하는 한, 어떤 경우에 의한 릴리스도 실행할 수 없게 된다.",,difference with printed version: http://www.tcgshop.co.kr/upload/goods/c67535_ESP3-KR060.jpg
,7480,,검투수 옥타비우스,"이 카드가 ""검투수""라는 이름이 붙은 몬스터의 효과에 의해서 특수 소환에 성공했을 때, 마법 & 함정 카드 존에 세트된 카드 1장을 파괴한다. 이 카드가 전투를 실행한 배틀 페이즈 종료시에, 패를 1장 버리거나 이 카드를 덱으로 되돌린다.",,difference with printed version: http://www.tcgshop.co.kr/upload/goods/c68317_EXP1-KR013.jpg
,7484,,드래곤 아이스,"상대가 몬스터의 특수 소환에 성공했을 때, 자신의 패를 1장 버리는 것으로, 이 카드를 패 또는 묘지에서 특수 소환한다. ""드래곤 아이스""는 필드 위에 1장밖에 앞면 표시로 존재할 수 없다.",,difference with printed version: http://www.tcgshop.co.kr/upload/goods/c68522_EXP1-KR017.jpg
,7485,,텅 트위스터,"어드밴스 소환한 이 카드가 필드 위에서 묘지로 보내졌을 때, 자신의 덱에서 카드를 2장 드로우한다. 이 효과를 발동했을 경우, 이 카드를 게임에서 제외한다.",,difference with printed version: http://www.tcgshop.co.kr/upload/goods/c68553_EXP1-KR018.jpg
,7487,,화염 제왕 근위병,"이 카드가 일반 소환에 성공했을 때, 자신의 묘지에 존재하는 화염족 몬스터 4장을선택하고 발동한다.선택한 몬스터를 덱으로 되돌리고, 자신의 덱에서 카드를 2장 드로우한다.",,difference with printed version: http://www.tcgshop.co.kr/upload/goods/c68665_EXP1-KR020.jpg
,7488,,칠흑의 장막,"자신의 드로우 페이즈에 드로우한 카드가 어둠 속성 몬스터였을 경우, 그 카드를 상대에게 보여주는 것으로, 그 카드를 묘지로 보낸다. 그 후, 자신의 덱에서 카드를 1장 드로우할 수 있다.",,difference with printed version: http://www.tcgshop.co.kr/upload/goods/c68709_EXP1-KR021.jpg
,7489,,시큐리티 볼,"상대 몬스터의 공격 선언시에 발동할 수 있다. 그 공격 몬스터 1장의 표시 형식을 변경한다. 상대의 마법 / 함정 카드의 효과에 의해서, 세트된 이 카드가 파괴되어 묘지로 보내졌을 때, 필드 위에 존재하는 몬스터 1장을 선택하고 파괴한다.",,difference with printed version: http://www.tcgshop.co.kr/upload/goods/c68743_EXP1-KR022.jpg
,7804,,붉은 도깨비,"이 카드가 일반 소환에 성공했을 때, 자신의 패를 임의의 매수만큼 묘지로 보내는 것으로, 그 매수만큼만 필드 위의 카드를 주인의 패로 되돌린다.",,"difference with printed version: http://www.tcgshop.co.kr/upload/goods/c10062_PP04-KR005.jpg, http://www.tcgshop.co.kr/upload/goods/c10099_PP04-KR005_SC.jpg"
,8087,,초마신 이도,"이 카드가 카드의 효과에 의해서 파괴되어 묘지로 보내졌을 경우, 다음 턴의 스텐바이 페이즈시에 이 카드를 묘지에서 특수 소환하고, 이 카드 이외의 자신 필드 위에 존재하는 몬스터를 전부 파괴한다. 이 카드가 필드 위에 앞면 표시로 존재하는 한, 자신은 몬스터를 일반 소환 / 세트 / 반전 소환 / 특수 소환할 수 없다. ""초마신 이도""는 자신 필드 위에 1장밖에 앞면 표시로 존재할 수 없다.",,difference with printed version: http://www.tcgshop.co.kr/upload/goods/c28750_PP05-KR003.jpg
,8091,,스타더스트 드래곤 / 버스터,"이 카드는 일반 소환 / 세트할 수 없다. ""버스터 모드""의 효과 및 이 카드의 효과로만 특수 소환할 수 있다. 마법 / 함정 / 효과 몬스터의 효과가 발동했을 때, 이 카드를 릴리스하는 것으로 그 발동을 무효로 하고 파괴한다. 이 효과를 적용한 턴의 엔드 페이즈시, 이 효과를 발동하기 위해 릴리스되어 묘지에 존재하는 이 카드를 자신 필드 위에 특수 소환할 수 있다. 또한, 필드 위에 존재하는 이 카드가 파괴되었을 때, 자신의 묘지에 존재하는 ""스타더스트 드래곤"" 1장을 특수 소환할 수 있다.",,difference with printed version: http://www.tcgshop.co.kr/upload/goods/c29037_DP09-KR001.jpg
,8604,,원헌드레드 아이 드래곤,"어둠 속성 튜너 + 튜너 이외의 악마족 몬스터 1장 이상1턴에 1번, 자신의 묘지에 존재하는 레벨 6 이하의 어둠 속성의 효과 몬스터 1장을 게임에서 제외하고 발동할 수 있다. 이 카드는 이 턴의 엔드 페이즈시까지, 이 효과를 발동하기 위해 게임에서 제외한 효과 몬스터와 같은 이름의 카드로 취급하고, 같은 효과를 얻는다. 또한, 이 카드가 파괴되어 묘지로 보내졌을 때, 자신의 덱에서 ""지박신""이라는 이름이 붙은 몬스터 1장을 패에 넣는다.",,difference with printed version: http://www.tcgshop.co.kr/upload/goods/c82433_PP06-KR015.jpg
,9016,,스카아 워리어,"튜너 ＋ 튜너 이외의 몬스터 1장 이상이 카드가 필드 위에 앞면 표시로 존재하는 한, 상대는 앞면 표시로 존재하는 다른 전사족 몬스터를 공격 대상으로 선택할 수 없다. 또한, 이 카드는 1턴에 1번만, 전투로는 파괴되지 않는다.",,difference with printed version: http://www.tcgshop.co.kr/upload/goods/c86184_PP06-KR028.jpg
,10566,,쿠로클로크로우,,,difference with printed version: http://www.tcgshop.co.kr/upload/goods/c90894_ST13-KR008.jpg
,11307,,얼음 제왕가신 에셔,,,difference with printed version: http://www.tcgshop.co.kr/upload/goods/c29530_SR01-KR013.jpg
,7790,,수신기왕 바르바로스￹Ur￺우르￻,,,ruby data
,7874,,￹D￺디포머￻·모바폰,,,ruby data
,7875,,￹D￺디포머￻·마그넨U,,,ruby data
,7876,,￹D￺디포머￻·토치,,,ruby data
,7877,,￹D￺디포머￻·라디카셋,,,ruby data
,7878,,￹D￺디포머￻·카메란,,,ruby data
,7879,,￹D￺디포머￻·라디온,,,ruby data
,7880,,￹D￺디포머￻·클락큰,,,ruby data
,7885,,￹C￺체인￻·리페어러,,,ruby data
,7886,,￹C￺체인￻·스네이크,,,ruby data
,7887,,￹C￺체인￻·슈터,,,ruby data
,7888,,￹C￺체인￻·코일,,,ruby data
,7899,,￹C￺체인￻·드래곤,,,ruby data
,7906,,￹D￺디포머￻·스피드 유닛,,,ruby data
,7907,,￹D￺디포머￻·코드,,,ruby data
,7908,,￹D￺디포머￻·파워 유닛,,,ruby data
,7927,,￹D￺디포머￻·게이저,,,ruby data
,8011,,￹BF￺블랙 페더￻－질풍의 게일,,,ruby data
,8012,,￹BF￺블랙 페더￻－흑창의 블래스트,,,ruby data
,8013,,￹BF￺블랙 페더￻－새벽의 시로코,,,ruby data
,8015,,￹D￺디포머￻·보든,,,ruby data
,8016,,￹D￺디포머￻·팟틴,,,ruby data
,8036,,￹BF￺블랙 페더￻－아머드 윙,,,ruby data
,8044,,￹D￺디포머￻·레트로 엔진,,,ruby data
,8045,,￹D￺디포머￻·필드,,,ruby data
,8067,,￹D￺디포머￻·베리어,,,ruby data
,8068,,브랜￹D￺디포머￻,,,ruby data
,8162,,￹BF￺블랙 페더￻－극북의 블리자드,,,ruby data
,8163,,￹BF￺블랙 페더￻－푸른 화염의 슈라,,,ruby data
,8164,,￹BF￺블랙 페더￻－달그림자의 카르트,,,ruby data
,8165,,￹BF￺블랙 페더￻－칠흑의 엘펜,,,ruby data
,8166,,￹D￺디포머￻·리모콘,,,ruby data
,8167,,￹D￺디포머￻·비디온,,,ruby data
,8168,,￹D￺디포머￻·스코픈,,,ruby data
,8171,,지박신 ￹Aslla￺아스라￻ ￹piscu￺피스크￻,,,ruby data
,8172,,지박신 ￹Ccapac￺코카파크￻ ￹Apu￺아프￻,,,ruby data
,8193,,￹BF￺블랙 페더￻－암즈 윙,,,ruby data
,8206,,￹D￺디포머￻·리페어유니트,,,ruby data
,8224,,￹D￺디포머￻·바인드,,,ruby data
,8295,,￹BF￺블랙 페더￻－은의 방패 미스트랄,,,ruby data
,8296,,￹BF￺블랙 페더￻－대패의 바유,,,ruby data
,8297,,￹BF￺블랙 페더￻－쇠사슬의 푄,,,ruby data
,8298,,￹D￺디포머￻·마그넨￹I￺아이￻,,,ruby data
,8307,,지박신 ￹Cusillu￺쿠시르￻,,,ruby data
,8308,,지박신 ￹Chacu￺챠크￻ ￹Challhua￺챠루아￻,,,ruby data
,8326,,￹XX￺더블 엑스￻－세이버 폴트롤,,,ruby data
,8327,,￹XX￺더블 엑스￻－세이버 레이지그라,,,ruby data
,8334,,￹XX￺더블 엑스￻－세이버 가톰즈,,,ruby data
,8459,,지박신 ￹Ccarayhua￺코카라이아￻,,,ruby data
,8460,,지박신 ￹Uru￺우르￻,,,ruby data
,8461,,지박신 ￹Wiraqocha￺위라코챠￻ ￹Rasca￺라스카￻,,,ruby data
,8476,,￹BF￺블랙 페더￻－고고한 실버 윈드,,,ruby data
,8521,,￹XX￺더블 엑스￻－세이버 가르드스트라이크,,,ruby data
,8522,,￹XX￺더블 엑스￻－세이버 풀헴나이트,,,ruby data
,8592,,엘리멘틀 히어로 ￹Great￺그레이트￻ ￹TORNADO￺토네이도￻,,,ruby data
,8637,,￹XX￺더블 엑스￻－세이버 가르셈,,,ruby data
,8655,,￹XX￺더블 엑스￻－세이버 휸레이,,,ruby data
,8753,,￹XX￺더블 엑스￻－세이버 에머즈블레이드,,,ruby data
,8777,,￹BF￺블랙 페더￻－열풍의 기브리,,,ruby data
,8778,,￹BF￺블랙 페더￻－역풍의 거스트,,,ruby data
,8779,,￹BF￺블랙 페더￻－미풍의 브리즈,,,ruby data
,8793,,￹D￺디포머￻·크리넌,,,ruby data
,8839,,￹BF￺블랙 페더￻－백 플래시,,,ruby data
,8840,,￹BF￺블랙 페더￻－앵커,,,ruby data
,8850,,￹D￺디포머￻·스크램블,,,ruby data
,8864,,￹Sin￺신￻ 푸른 눈의 백룡,,,ruby data
,8865,,￹Sin￺신￻ 스타더스트 드래곤,,,ruby data
,8867,,￹Sin￺신￻ 패러독스 드래곤,,,ruby data
,8892,,￹Sin￺신￻ 붉은 눈의 흑룡,,,ruby data
,9030,,￹XX￺더블 엑스￻－세이버 보가트 나이트,,,ruby data
,9031,,￹XX￺더블 엑스￻－세이버 다크 소울,,,ruby data
,9041,,￹Sin￺신￻ 사이버 엔드 드래곤,,,ruby data
,9042,,￹Sin￺신￻ 트루스 드래곤,,,ruby data
,9043,,￹Sin￺신￻ 패러렐 기어,,,ruby data
,9044,,￹Sin￺신￻ 레인보우 드래곤,,,ruby data
,9092,,￹BF￺블랙 페더￻－두 칼의 에테지아,,,ruby data
,9093,,￹BF￺블랙 페더￻－극광의 오로라,,,ruby data
,9094,,￹BF￺블랙 페더￻－격진의 아브로오로스,,,ruby data
,9145,,￹BF￺블랙 페더￻－마인,,,ruby data
,9232,,￹Sin￺신￻ 월드,,,ruby data
,9233,,￹Sin￺신￻ 클로 스트림,,,ruby data
,9242,,￹BF￺블랙 페더￻－여명의 코치,,,ruby data
,9243,,￹BF￺블랙 페더￻－창천의 제트,,,ruby data
,9244,,￹BF￺블랙 페더￻－정예의 제피로스,,,ruby data
,9298,,￹BF￺블랙 페더￻－첨예의 보라,,,ruby data
,9299,,￹BF￺블랙 페더￻－순풍의 아리제,,,ruby data
,9300,,￹BF￺블랙 페더￻－아지랑이의 컴,,,ruby data
,9332,,진 여섯 무사－￹Shi￺시￻ ￹En￺엔￻,,,ruby data
,9459,,￹BF￺블랙 페더￻－상현의 피나카,,,ruby data
,9460,,￹BF￺블랙 페더￻－잔야의 크리스,,,ruby data
,9461,,￹BF￺블랙 페더￻－백야의 글래디우스,,,ruby data
,9463,,￹BF T￺블랙 페더 테이머￻－칠흑의 호크 죠,,,ruby data
,9464,,￹BF￺블랙 페더￻－황성의 그램,,,ruby data
,9479,,￹BF￺블랙 페더￻－탱구바람 히렌,,,ruby data
,9480,,￹BF￺블랙 페더￻－방랑자 코가라시,,,ruby data
,9481,,￹D￺디포머￻·라이튼,,,ruby data
,9482,,￹D￺디포머￻·스태플랜,,,ruby data
,9487,,￹TG￺테크지너스￻ 사이버 매지션,,,ruby data
,9488,,￹TG￺테크지너스￻ 스트라이커,,,ruby data
,9489,,￹TG￺테크지너스￻ 제트 팔콘,,,ruby data
,9490,,￹TG￺테크지너스￻ 중강갑 드래곤,,,ruby data
,9491,,￹TG￺테크지너스￻ 워울프,,,ruby data
,9492,,￹TG￺테크지너스￻ 러시 라이노,,,ruby data
,9510,,￹TG￺테크지너스￻ 레시프로 드래곤 플라이,,,ruby data
,9511,,￹TG￺테크지너스￻ 원더 매지션,,,ruby data
,9512,,￹TG￺테크지너스￻ 파워 글래디에이터,,,ruby data
,9513,,￹TG￺테크지너스￻ 블레이드 건맨,,,"ruby data, difference with printed version: http://www.tcgshop.co.kr/upload/goods/c88685_EXVC-KR042UR.jpg"
,9514,,￹TG￺테크지너스￻ 할 버드 캐논,,,ruby data
,9554,,￹TG￺테크지너스￻ 하이퍼 라이브러리언,,,ruby data
,9874,,￹M.X￺미싱 엑스￻－세이버 인보커,,,ruby data
,9879,,￹ZW￺제알 웨폰￻－유니콘 킹 스피어,,,ruby data
,9914,,￹CNo.￺카오스 넘버즈￻39 유토피아 레이,,,ruby data
,10029,,카드카·￹D￺디￻,,,ruby data
,10072,,용￹마인￺魔人￻ 퀸 드라군,,,ruby data
,10125,,현￹마인￺魔人￻ 딩가딩가 리듬,,,ruby data
,10126,,큰북￹마인￺魔人￻ 템템템포,,,ruby data
,10127,,관￹마인￺魔人￻ 멜로멜로멜로디,,,ruby data
,10128,,교향￹마인￺魔人￻ 마에스트로크,,,ruby data
,10133,,￹ZW￺제알 웨폰￻－피닉스 보우,,,ruby data
,10135,,￹H·C￺히로익 챌린저￻ 스파르타스,,,ruby data
,10136,,￹H·C￺히로익 챌린저￻ 워 해머,,,ruby data
,10137,,￹H·C￺히로익 챌린저￻ 스워드 실드,,,ruby data
,10138,,￹H·C￺히로익 챌린저￻ 더블 랜스,,,ruby data
,10171,,￹H－C￺히로익 챔피언￻ 엑스칼리버,,,ruby data
,10176,,기아기간토 ￹X￺크로스￻,,,ruby data
,10230,,￹H·C￺히로익 챌린저￻ 엑스트라 스워드,,,ruby data
,10231,,￹H·C￺히로익 챌린저￻ 야습의 칸델라르,,,ruby data
,10261,,￹CNo.￺카오스 넘버즈￻32 샤크 드레이크 바이스,,,ruby data
,10264,,￹H－C￺히로익 챔피언￻ 간디바,,,ruby data
,10265,,￹H－C￺히로익 챔피언￻ 쿠사나기,,,ruby data
,10303,,￹BF￺블랙 페더￻－극야의 다마스카스,,,ruby data
,10304,,￹OTo￺오토￻ 썬더,,,ruby data
,10305,,￹OKa￺오카￻ 썬더,,,ruby data
,10306,,￹ONe￺오네￻ 썬더,,,ruby data
,10364,,￹ZW￺제알 웨폰￻－라이트닝 블레이드,,,ruby data
,10365,,￹ZW￺제알 웨폰￻－토네이도 브링거,,,ruby data
,10366,,￹ZW￺제알 웨폰￻－얼티미트 실드,,,ruby data
,10406,,￹ZW￺제알 웨폰￻－라이오 암즈,,,ruby data
,10497,,￹BK￺버닝나쿠라￻ 헤드기어,,,ruby data
,10498,,￹BK￺버닝나쿠라￻ 글라스조,,,ruby data
,10499,,￹BK￺버닝나쿠라￻ 스파,,,ruby data
,10500,,￹BK￺버닝나쿠라￻ 스위치히터,,,ruby data
,10501,,￹BK￺버닝나쿠라￻ 카운터블로,,,ruby data
,10528,,￹CX￺카오스 엑시즈￻ 다크 페어리 치어 걸,,,ruby data
,10531,,￹BK￺버닝나쿠라￻ 구속만병 리드블로,,,ruby data
,10532,,No.105 ￹BK￺버닝나쿠라￻ 유성의 세스터스,,,ruby data
,10533,,￹CNo.￺카오스 넘버즈￻105 ￹BK￺버닝나쿠라￻ 혜성의 카에스투스,,,ruby data
,10541,,￹RUM￺랭크 업 매직￻－바리언즈 포스,,,ruby data
,10569,,￹CNo.￺카오스 넘버즈￻39 유토피아 레이 ￹V￺브이￻,,,ruby data
,10570,,￹RUM￺랭크 업 매직￻－리미티드 바리언즈 포스,,,ruby data
,10571,,￹ZW￺제알 웨폰￻－이글 클로,,,ruby data
,10604,,￹DZW￺다크 제알 웨폰￻－키메라 크로스,,,ruby data
,10605,,￹V￺브이￻샐러맨더,,,ruby data
,10609,,￹SD￺슈퍼 디펜스￻ 로보 라이오,,,ruby data
,10610,,￹SD￺슈퍼 디펜스￻ 로보 엘레판,,,ruby data
,10611,,￹SD￺슈퍼 디펜스￻ 로보 몽키,,,ruby data
,10651,,￹CNo.￺카오스 넘버즈￻39 유토피아 레이 빅토리,,,ruby data
,10659,,￹CNo.￺카오스 넘버즈￻104 마스커레이드 매지션 엄브럴,,,ruby data
,10662,,￹RUM￺랭크 업 매직￻－누메론 포스,,,ruby data
,10684,,￹CNo.￺카오스 넘버즈￻106 용암장 자이언트 핸드 레드,,,ruby data
,10696,,￹H·C￺히로익 챌린저￻ 앰버시 솔저,,,ruby data
,10697,,￹H·C￺히로익 챌린저￻ 클래스프 나이프,,,ruby data
,10710,,￹CX￺카오스 엑시즈￻ 기장￹마인￺魔人￻ 엔제너럴,,,ruby data
,10711,,￹CX￺카오스 엑시즈￻ 열혈지도신 얼티미트 트레이너,,,ruby data
,10713,,￹CX￺카오스 엑시즈￻ 풍기대궁사 사이몬,,,ruby data
,10714,,￹CH￺코믹 히어로￻ 킹 아서,,,ruby data
,10715,,￹CX￺카오스 엑시즈￻－￹CH￺코믹 히어로￻ 레전드 아서,,,ruby data
,10717,,￹CX￺카오스 엑시즈￻ 격렬화전함 타오야메,,,ruby data
,10719,,￹CX￺카오스 엑시즈￻ 초거대 공중요새 바빌론,,,ruby data
,10737,,￹BK￺버닝나쿠라￻ 리베지 가드너,,,ruby data
,10738,,￹BK￺버닝나쿠라￻ 래빗 펀처,,,ruby data
,10777,,￹CNo.￺카오스 넘버즈￻96 블랙 스톰,,,ruby data
,10778,,No.65 재단￹마인￺魔人￻ 저지 버스터,,,ruby data
,10779,,￹CNo.￺카오스 넘버즈￻65 재단마왕 저지 데블,,,ruby data
,10780,,￹BK￺버닝나쿠라￻ 치트 커미셔너,,,ruby data
,10822,,라인몬스터 ￹K￺케이￻호스,,,ruby data
,10830,,고고고 골렘－￹GF￺골든 폼￻,,,ruby data
,10844,,￹ZW￺제알 웨폰￻－슬레이프니르 메일,,,ruby data
,10856,,￹FA￺풀아머드￻－크리스탈 제로 랜서,,,ruby data
,10857,,￹FA￺풀아머드￻－블랙 레이 랜서,,,ruby data
,10881,,기아기아기아 ￹XG￺크로스기간토￻,,,ruby data
,10888,,￹ZW￺제알 웨폰￻－아슈라 블로,,,ruby data
,10932,,￹CNo.￺카오스 넘버즈￻101 사일런트 아너즈 다크 나이트,,,ruby data
,10935,,￹CNo.￺카오스 넘버즈￻69 데스 메달리온 카오스 오브 암즈,,,ruby data
,10936,,￹CNo.￺카오스 넘버즈￻92 위해허룡 Heart－eartH Chaos Dragon,,,ruby data
,10945,,￹RUM￺랭크 업 매직￻－아스트랄 포스,,,ruby data
,10946,,￹RDM￺랭크 다운 매직￻－누메론 폴,,,ruby data
,10977,,￹SNo.￺샤이닝 넘버즈￻39 유토피아 ￹ONE￺원￻,,,ruby data
,10978,,￹SZW￺샤이닝 제알 웨폰￻－펜리르 스워드,,,ruby data
,11013,,￹CNo.￺카오스 넘버즈￻6 오파츠 카오스 아틀란타르,,,ruby data
,11014,,￹CNo.￺카오스 넘버즈￻15 기믹 퍼핏－시리얼킬러,,,ruby data
,11015,,￹CNo.￺카오스 넘버즈￻40 기믹 퍼핏－데블즈 스트링스,,,ruby data
,11016,,￹CNo.￺카오스 넘버즈￻88 기믹 퍼핏－디저스터 레오,,,ruby data
,11017,,￹CNo.￺카오스 넘버즈￻9 천개요성 카오스 다이슨 스피어,,,ruby data
,11022,,￹RUM￺랭크 업 매직￻－아젠트 카오스 포스,,,ruby data
,11030,,￹ZS￺제알 서버스￻－배니시 세이지,,,ruby data
,11037,,￹BK￺버닝나쿠라￻ 빅밴티지,,,ruby data
,11038,,￹BK￺버닝나쿠라￻ 베일,,,ruby data
,11070,,￹CNo.￺카오스 넘버즈￻107 네오 갤럭시아이즈 타키온 드래곤,,,ruby data
,11072,,￹CNo.￺카오스 넘버즈￻103 신장령양 라그나 인피니티,,,ruby data
,11073,,￹CNo.￺카오스 넘버즈￻102 다크 라이트닝 노블 데몬,,,ruby data
,11075,,￹CNo.￺카오스 넘버즈￻80 장장패왕 레퀴엠 인 버서크,,,ruby data
,11077,,￹CNo.￺카오스 넘버즈￻43 혼백괴뢰귀신 카오스 마리오네터,,,ruby data
,11087,,￹RUM￺랭크 업 매직￻－더 세븐스 원,,,ruby data
,11117,,￹BK￺버닝나쿠라￻ 섀도우,,,ruby data
,11118,,No.79 ￹BK￺버닝나쿠라￻ 항성의 카이저,,,ruby data
,11133,,￹CX￺카오스 엑시즈￻ 기망황 바리언,,,ruby data
,11172,,￹BF￺블랙 페더￻－돌풍의 오로시,,,ruby data
,11173,,￹BF￺블랙 페더￻－은신의 스팀,,,ruby data
,11174,,￹BF￺블랙 페더￻－회오리 허리케인,,,ruby data
,11185,,￹CNo.￺카오스 넘버즈￻73 격롱폭신 어비스 수프라,,,ruby data
,11186,,￹RUM￺랭크 업 매직￻－퀵 카오스,,,ruby data
,11187,,￹CNo.￺카오스 넘버즈￻5 망롱룡 카오스 키메라 드래곤,,,ruby data
,11188,,￹RUM￺랭크 업 매직￻－어드마이어 데스 사우전드,,,ruby data
,11214,,￹EM￺엔터메이트￻ 아멘보트,,,ruby data
,11215,,￹EM￺엔터메이트￻ 윕 바이퍼,,,ruby data
,11216,,￹EM￺엔터메이트￻ 스워드 피시,,,ruby data
,11217,,￹EM￺엔터메이트￻ 디스커버 히포,,,ruby data
,11218,,￹EM￺엔터메이트￻ 카레이드스콜피온,"①: 1턴에 1번, 자신 필드의 앞면 표시 몬스터 1장을 대상으로 하고 발동할 수 있다. 이 턴에, 그 몬스터는 상대 필드의 특수 소환된 몬스터 전부에 1회씩 공격할 수 있다.",①: 자신 필드의 빛 속성 몬스터의 공격력은 300 올린다.,"ruby data, bug from official database: https://www.db.yugioh-card.com/yugiohdb/card_search.action?ope=2&cid=11218&request_locale=ko"
,11219,,￹EM￺엔터메이트￻ 깜짝 깨구리,"①: 자신 배틀 페이즈에 1번, 자신 필드의 몬스터 1장을 대상으로 하고 발동할 수 있다. 그 몬스터의 표시 형식을 변경하고, 그 공격력 / 수비력을 턴 종료시까지 맞바꾼다.","①: 1턴에 1번, 필드의 앞면 표시 몬스터 1장을 대상으로 하고 발동할 수 있다. 그 몬스터의 공격력 / 수비력을 턴 종료시까지 맞바꾼다.","ruby data, bug from official database: https://www.db.yugioh-card.com/yugiohdb/card_search.action?ope=2&cid=11219&request_locale=ko"
,11220,,초중무사 워커－￹O2￺오이￻,,,ruby data
,11221,,초중무사 스워드－￹999￺구구구￻,,,ruby data
,11222,,초중무사 빅벤－￹K￺케이￻,,,ruby data
,11254,,분보그￹001￺제로제로원￻,,,ruby data
,11265,,야만족의 광연 ￹LV￺레벨￻5,,,ruby data
,11290,,￹H·C￺히로익 챌린저￻ 강습의 할베르트,,,ruby data
,11291,,￹H·C￺히로익 챌린저￻ 사우전드 블레이드,,,ruby data
,11296,,No.86 ￹H－C￺히로익 챔피언￻ 론고미언트,,,ruby data
,11297,,건￹마인￺魔人￻ 허미허미허밍,,,ruby data
,11301,,￹EM￺엔터메이트￻ 실버 크로우,,,ruby data
,11314,,엘리멘틀 히어로 ￹Core￺코어￻,,,ruby data
,11322,,￹U.A.￺울트라 애슬리트￻ 마이티 슬러거,,,ruby data
,11323,,￹U.A.￺울트라 애슬리트￻ 퍼펙트 에이스,,,ruby data
,11324,,￹U.A.￺울트라 애슬리트￻ 스타디움,,,ruby data
,11328,,￹DDD￺디디디￻ 제패왕 카이젤,,,ruby data
,11329,,￹DD￺디디￻ 프라우드 오우거,,,ruby data
,11330,,￹DD￺디디￻ 프라우드 슈발리에,,,ruby data
,11331,,￹EM￺엔터메이트￻ 헤이타이거,,,ruby data
,11332,,￹EM￺엔터메이트￻ 진라이노,,,ruby data
,11333,,￹EM￺엔터메이트￻ 치어몰,,,ruby data
,11334,,￹EM￺엔터메이트￻ 트램펄링크스,,,ruby data
,11340,,초중무사 카부－￹10￺십￻,,,ruby data
,11341,,초중무사 텐￹B－N￺빈￻,,,ruby data
,11374,,분보그￹002￺제로제로투￻,,,ruby data
,11375,,￹Ms.JUDGE￺미즈 저지￻,,,ruby data
,11402,,￹EM￺엔터메이트￻ 리바이벌,,,ruby data
,11413,,￹FNo.￺퓨처 넘버즈￻0 미래황 호프,,,ruby data
,11433,,￹P￺피￻·￹M￺엠￻ 캡처,"①: 이 카드가 전투로 몬스터를 파괴했을 경우, 자신 묘지의 펜듈럼 몬스터 1장을 대상으로 하고 발동할 수 있다. 그 몬스터를 패에 넣는다.",①: 자신이 언데드족 몬스터의 펜듈럼 소환에 성공했을 때에 발동할 수 있다. 그 몬스터는 이 턴에 전투 / 효과로는 파괴되지 않는다.,"ruby data, bug from official database: https://www.db.yugioh-card.com/yugiohdb/card_search.action?ope=2&cid=11433&request_locale=ko"
,11435,,￹X￺엑시즈￻－레이 피어스,,,ruby data
,11439,,￹DD￺디디￻ 릴리스,,,ruby data
,11440,,￹DD￺디디￻ 나이트 하울링,,,ruby data
,11441,,￹DD￺디디￻ 마도현자 갈릴레이,,,ruby data
,11442,,￹DD￺디디￻ 마도현자 케플러,,,ruby data
,11443,,￹DDD￺디디디￻ 사위왕 헬 아마게돈,,,ruby data
,11444,,￹DDD￺디디디￻ 열화왕 테무진,,,ruby data
,11445,,￹DDD￺디디디￻ 질풍왕 알렉산더,,,ruby data
,11450,,￹DDD￺디디디￻의 인사권,,,ruby data
,11451,,￹DD￺디디￻ 리크루트,,,ruby data
,11457,,￹DDD￺디디디￻ 노도왕 시져,,,ruby data
,11458,,￹DD￺디디￻ 케로베로스,,,ruby data
,11460,,￹DDD￺디디디￻ 반골왕 레오니다스,,,ruby data
,11461,,갤럭시아이즈 ￹FA￺풀아머￻ 포톤 드래곤,,,ruby data
,11510,,￹U.A.￺울트라 애슬리트￻ 판타지스타,,,ruby data
,11511,,￹U.A.￺울트라 애슬리트￻ 커스토디안,,,ruby data
,11512,,￹U.A.￺울트라 애슬리트￻ 파워드 깁스,,,ruby data
,11516,,￹BOX￺복￻서,,,ruby data
,11521,,￹EM￺엔터메이트￻ 파이어 머플라이오,,,ruby data
,11522,,￹EM￺엔터메이트￻ 파트나가,,,ruby data
,11523,,￹EM￺엔터메이트￻ 프렌동키,,,ruby data
,11524,,￹EM￺엔터메이트￻ 스파이크 이글,,,ruby data
,11525,,￹EM￺엔터메이트￻ 플러스터틀,,,ruby data
,11526,,￹EM￺엔터메이트￻ 트럼프 위치,,,ruby data
,11527,,초중무사 카게보－￹C￺씨￻,,,ruby data
,11528,,초중무사 호라가－￹E￺이￻,,,ruby data
,11531,,￹RR￺레이드 랩터즈￻－버니싱 레이니어스,,,ruby data
,11550,,￹D￺디포머￻·스마폰,,,ruby data
,11561,,분보그￹003￺제로제로쓰리￻,,,ruby data
,11568,,초중황신 스사노－￹O￺오￻,,,ruby data
,11570,,￹RR￺레이드 랩터즈￻－라이즈 팔콘,,,ruby data
,11574,,￹RR￺레이드 랩터즈￻－네스트,,,ruby data
,11587,,￹EM￺엔터메이트￻ 콜,,,ruby data
,11590,,￹RR￺레이드 랩터즈￻－레디네스,,,ruby data
,11615,,￹EM￺엔터메이트￻ 펜듈럼 매지션,,,ruby data
,11616,,￹DDD￺디디디￻ 괴치왕 어비스 라그나로크,,,ruby data
,11618,,초중신귀 슈텐도－￹G￺지￻,,,ruby data
,11619,,￹RR￺레이드 랩터즈￻－포스 스트릭스,,,ruby data
,11637,,￹U.A.￺울트라 애슬리트￻ 필드 제너럴,,,ruby data
,11638,,￹U.A.￺울트라 애슬리트￻ 스트롱 블로커,,,ruby data
,11639,,￹U.A.￺울트라 애슬리트￻ 턴오버 택틱스,,,ruby data
,11640,,￹HSR￺하이스피드로이드￻ 마검다마,,,ruby data
,11649,,￹BF￺블랙 페더￻－별그림자의 노퉁,,,ruby data
,11677,,￹EM￺엔터메이트￻ 해머맘모,,,ruby data
,11678,,￹EM￺엔터메이트￻ 활메뚜기,,,ruby data
,11679,,￹EM￺엔터메이트￻ 리저드로우,,,ruby data
,11680,,￹EM￺엔터메이트￻ 스프링구스,,,ruby data
,11681,,초중무사 빅와라－￹G￺지￻,,,ruby data
,11682,,초중무사 글로－￹V￺브이￻,,,ruby data
,11683,,초중무사 타마－￹C￺씨￻,,,ruby data
,11690,,에지임프 ￹DT￺디티￻모조품,,,ruby data
,11691,,￹RR￺레이드 랩터즈￻－임페일 레이니어스,,,ruby data
,11692,,￹RR￺레이드 랩터즈￻－미미크리 레이니어스,,,ruby data
,11710,,분보그￹004￺제로제로포￻,,,ruby data
,11723,,￹RR￺레이드 랩터즈￻－브레이즈 팔콘,,,ruby data
,11724,,￹RR￺레이드 랩터즈￻－레볼루션 팔콘,,,ruby data
,11727,,￹EM￺엔터메이트￻ 캐스트 체인지,,,ruby data
,11732,,￹RUM￺랭크 업 매직￻－레볼루션 포스,,,ruby data
,11741,,￹EM￺엔터메이트￻ 핀치헬퍼,,,ruby data
,11766,,￹SNo.￺샤이닝 넘버즈￻39 유토피아 더 라이트닝,,,ruby data
,11767,,￹RR￺레이드 랩터즈￻－트리뷰트 레이니어스,,,ruby data
,11769,,￹DDD￺디디디￻ 패룡왕 펜드래곤,,,ruby data
,11776,,￹U.A.￺울트라 애슬리트￻ 드레드노트 덩커,,,ruby data
,11777,,￹U.A.￺울트라 애슬리트￻ 코리발 리바운더,,,ruby data
,11778,,￹U.A.￺울트라 애슬리트￻ 플래그십 딜,,,ruby data
,11779,,￹U.A.￺울트라 애슬리트￻ 페널티,,,ruby data
,11789,,￹EM￺엔터메이트￻ 락다운,,,ruby data
,11790,,￹EM￺엔터메이트￻ 드러밍 콩,,,ruby data
,11791,,초중무사 타이머－￹2￺투￻,,,ruby data
,11795,,￹DD￺디디￻ 판도라,,,ruby data
,11797,,￹RR￺레이드 랩터즈￻－파지 레이니어스,,,ruby data
,11798,,￹RR￺레이드 랩터즈￻－싱잉 레이니어스,,,ruby data
,11799,,￹Em￺엔터메이지￻ 데미지 저글러,,,ruby data
,11800,,￹Em￺엔터메이지￻ 프레임 이터,,,ruby data
,11801,,￹Em￺엔터메이지￻ 햇트릭커,,,ruby data
,11802,,￹Em￺엔터메이지￻ 트릭 크라운,,,ruby data
,11803,,￹Em￺엔터메이지￻ 스틸츠 슈터,,,ruby data
,11809,,룡검사 라스터￹P￺펜듈럼￻,,,ruby data
,11828,,분보그￹005￺제로제로파이브￻,,,ruby data
,11830,,￹DDD￺디디디￻ 신탁왕 다르크,,,ruby data
,11834,,폭룡검사 이그니스터￹P￺프로미넌스￻,,,ruby data
,11836,,￹DDD￺디디디￻ 저격왕 텔,,,ruby data
,11837,,￹Em￺엔터메이지￻ 트래피즈 매지션,,,ruby data
,11841,,￹RUM￺랭크 업 매직￻－랩터즈 포스,,,ruby data
,11845,,이그니션￹P￺피닉스￻,,,ruby data
,11853,,￹RR￺레이드 랩터즈￻－리턴,,,ruby data
,11932,,￹SNo.￺샤이닝 넘버즈￻0 호프 제알,,,ruby data
,11938,,￹EM￺엔터메이트￻ 도크로배트 조커,,,ruby data
,11945,,￹EM￺엔터메이트￻ 세컨동키,,,ruby data
,11946,,￹EM￺엔터메이트￻ 맘모스플래시,,,ruby data
,11947,,￹EM￺엔터메이트￻ 헬프린세스,,,ruby data
,11948,,초중무사 누스－￹10￺십￻,,,ruby data
,11949,,초중무사 히캬－￹Q￺큐￻,,,ruby data
,11950,,초중무사 츠즈－￹3￺삼￻,,,ruby data
,11954,,￹DD￺디디￻ 바포메트,,,ruby data
,11955,,￹DD￺디디￻ 스월 슬라임,,,ruby data
,11956,,￹DD￺디디￻ 네크로 슬라임,,,ruby data
,11957,,￹RR￺레이드 랩터즈￻－와일드 벌쳐,,,ruby data
,11958,,￹RR￺레이드 랩터즈￻－스컬 이글,,,ruby data
,11959,,￹Em￺엔터메이지￻ 미러 컨덕터,,,ruby data
,11960,,￹Em￺엔터메이지￻ 히구루미,,,ruby data
,11962,,￹A BF￺어썰트 블랙 페더￻－안개비의 쿠나이,,,ruby data
,11968,,용마왕 벡터￹P￺펜듈럼￻,,,ruby data
,11983,,분보그￹006￺제로제로식스￻,,,ruby data
,11988,,￹DDD￺디디디￻ 노도괴치왕 카이사르 라그나로크,,,ruby data
,11991,,￹A BF￺어썰트 블랙 페더￻－소나기의 라이키리,,,ruby data
,11994,,￹DDD￺디디디￻ 쌍효왕 칼리 유가,,,ruby data
,11995,,￹RR￺레이드 랩터즈￻－데블 이글,,,ruby data
,11996,,승룡검사 마제스터￹P￺파라딘￻,,,ruby data
,11998,,￹RUM￺랭크 업 매직￻－레이드 포스,,,ruby data
,12002,,마제스틱￹P￺페가수스￻,,,ruby data
,12012,,￹DDD￺디디디￻의 계약변경,,,ruby data
,12030,,￹EM￺엔터메이트￻ 라 팬더,,,ruby data
,12033,,￹Kozmo￺코즈모￻－도롯셀,,,ruby data
,12034,,￹Kozmo￺코즈모￻－그린돌,,,ruby data
,12035,,￹Kozmo￺코즈모￻－슬립라이더,,,ruby data
,12036,,￹Kozmo￺코즈모￻－포어러너,,,ruby data
,12037,,￹Kozmo￺코즈모￻－에머랄드폴리스,,,ruby data
,12040,,￹KYOUTOU￺쿄토￻ 워터프론트,,,ruby data
,12047,,￹SR￺스피드로이드￻ 베이고맥스,,,ruby data
,12048,,￹SR￺스피드로이드￻ 세 눈의 다이스,,,ruby data
,12049,,￹SR￺스피드로이드￻ 더블요요,,,ruby data
,12050,,￹SR￺스피드로이드￻ 셰이부메랑,,,ruby data
,12051,,￹SR￺스피드로이드￻ 멘코트,,,ruby data
,12052,,￹SR￺스피드로이드￻ 타케톰보그,,,ruby data
,12053,,￹SR￺스피드로이드￻ 오하지키드,,,ruby data
,12054,,￹SR￺스피드로이드￻ 빨간 눈의 다이스,,,ruby data
,12055,,￹HSR￺하이스피드로이드￻ 찬바라이더,,,ruby data
,12067,,￹PSY￺싸이￻프레임 드라이버,,,ruby data
,12068,,￹PSY￺싸이￻프레임기어 ￹α￺알파￻,,,ruby data
,12069,,￹PSY￺싸이￻프레임기어 ￹β￺베타￻,,,ruby data
,12070,,￹PSY￺싸이￻프레임기어 ￹γ￺감마￻,,,ruby data
,12071,,￹PSY￺싸이￻프레임기어 ￹δ￺델타￻,,,ruby data
,12072,,￹PSY￺싸이￻프레임기어 ￹ε￺엡실론￻,,,ruby data
,12073,,￹PSY￺싸이￻프레임로드 ￹Ζ￺제타￻,,,ruby data
,12074,,￹PSY￺싸이￻프레임로드 ￹Ω￺오메가￻,,,ruby data
,12075,,￹PSY￺싸이￻프레임 서킷,,,ruby data
,12076,,￹PSY￺싸이￻프레임 오버로드,,,ruby data
,12100,,￹Kozmo￺코즈모￻－포르미토,,,ruby data
,12101,,￹Kozmo￺코즈모￻－다크 로즈,,,ruby data
,12102,,￹Kozmo￺코즈모￻－도그파이터,,,ruby data
,12103,,￹Kozmo￺코즈모￻－다크시미터,,,ruby data
,12104,,￹Kozmo￺코즈모￻－레이블레이드,,,ruby data
,12111,,￹EM￺엔터메이트￻ 멍키보드,,,ruby data
,12112,,￹EM￺엔터메이트￻ 기터틀,,,ruby data
,12113,,￹EM￺엔터메이트￻ 빅바이트터틀,,,ruby data
,12114,,￹EM￺엔터메이트￻ 레인고트,,,ruby data
,12115,,￹EM￺엔터메이트￻ 트럼프 걸,,,ruby data
,12116,,초중무사 지샤－￹Q￺큐￻,,,ruby data
,12117,,초중무사 코코로가마－￹A￺에이￻,,,ruby data
,12118,,초중휘장 히스－￹E￺이￻,,,ruby data
,12119,,초중휘장 산－￹5￺오￻,,,ruby data
,12122,,￹BF￺블랙 페더￻－모래 먼지의 하르마탄,,,ruby data
,12131,,룡검사 마스터￹P￺펜듈럼￻,,,ruby data
,12147,,분보그￹007￺제로제로세븐￻,,,ruby data
,12148,,분보그￹008￺제로제로에이트￻,,,ruby data
,12154,,강룡검사 다이너스터￹P￺파워풀￻,,,ruby data
,12156,,초중마수 큐우－￹B￺비￻,,,ruby data
,12157,,￹HSR￺하이스피드로이드￻ 마하고 이타,,,ruby data
,12170,,다이너믹￹P￺파워로드￻,,,ruby data
,12191,,초중검성 무사－￹C￺씨￻,,,ruby data
,12208,,부비트랩￹E￺이￻,,,ruby data
,12209,,￹RR￺레이드 랩터즈￻－네크로 벌쳐,,,ruby data
,12210,,￹RR￺레이드 랩터즈￻－라스트 스트릭스,,,ruby data
,12211,,￹RR￺레이드 랩터즈￻－새털라이트 캐논 팔콘,,,ruby data
,12212,,￹RR￺레이드 랩터즈￻－콜,,,ruby data
,12213,,￹RUM￺랭크 업 매직￻－데스 더블 포스,,,ruby data
,12214,,￹RUM￺랭크 업 매직￻－소울 셰이브 포스,,,ruby data
,12225,,￹DDD￺디디디￻ 극지왕 카오스 어포컬립스,,,ruby data
,12226,,￹DD￺디디￻ 마도현자 뉴턴,,,ruby data
,12227,,￹DD￺디디￻ 마도현자 코페르니쿠스,,,ruby data
,12228,,￹DD￺디디￻ 오르트로스,,,ruby data
,12229,,￹DD￺디디￻ 라미아,,,ruby data
,12231,,￹DD￺디디￻ 리빌드,,,ruby data
,12232,,￹DDD￺디디디￻ 극룡왕 베어 울프,,,ruby data
,12233,,￹DDD￺디디디￻ 주혈왕 사이프리트,,,ruby data
,12243,,￹Kozmo￺코즈모￻－펠블랑,,,ruby data
,12244,,￹Kozmo￺코즈모￻－시미우즈,,,ruby data
,12245,,￹Kozmo￺코즈모￻－델타셔틀,,,ruby data
,12246,,￹Kozmo￺코즈모￻－다크이클립서,,,ruby data
,12247,,￹Kozmo￺코즈모￻－에너지아츠,,,ruby data
,12274,,￹EM￺엔터메이트￻ 집주인소라게,,,ruby data
,12275,,￹EM￺엔터메이트￻ 오드아이즈 라이트피닉스,,,ruby data
,12276,,￹EM￺엔터메이트￻ 오드아이즈 유니콘,,,ruby data
,12277,,￹EM￺엔터메이트￻ 반딧불스,,,ruby data
,12278,,￹SR￺스피드로이드￻ 전전 대공,,,ruby data
,12279,,￹SR￺스피드로이드￻ 파칭고카트,,,ruby data
,12286,,￹RR￺레이드 랩터즈￻－어벤지 벌쳐,,,ruby data
,12287,,￹RR￺레이드 랩터즈￻－페인 레이니어스,,,ruby data
,12288,,￹RR￺레이드 랩터즈￻－부스터 스트릭스,,,ruby data
,12289,,￹BF￺블랙 페더￻－조풍의 데스,,,ruby data
,12295,,용마왕 렉터￹P￺펜듈럼￻,,,ruby data
,12314,,분보그￹009￺제로제로나인￻,,,ruby data
,12316,,허용마왕 아모르펙터￹P￺사이코￻,,,ruby data
,12322,,￹HSR￺하이스피드로이드￻ 쾌도난파 즈루,,,ruby data
,12323,,￹A BF￺어썰트 블랙 페더￻－눈물비의 치도리,,,ruby data
,12325,,￹RR￺레이드 랩터즈￻－얼티미트 팔콘,,,ruby data
,12330,,￹RUM￺랭크 업 매직￻－스킵 포스,,,ruby data
,12334,,아모르파스￹P￺페르소나￻,,,ruby data
,12354,,파멸룡 간드라￹X￺크로스￻,,,ruby data
,12371,,￹EM￺엔터메이트￻ 슬라이핸드 매지션,,,ruby data
,12372,,￹EM￺엔터메이트￻ 킹베어,,,ruby data
,12373,,￹EM￺엔터메이트￻ 그네코브라,,,ruby data
,12374,,￹EM￺엔터메이트￻ 모몬카펫,,,ruby data
,12375,,￹EM￺엔터메이트￻ 잉코러스,,,ruby data
,12376,,￹EM￺엔터메이트￻ 롱폰 불,,,ruby data
,12377,,￹EM￺엔터메이트￻ 시소메뚜기,,,ruby data
,12378,,￹EM￺엔터메이트￻ 드라마틱시어터,,,ruby data
,12379,,￹EM￺엔터메이트￻ 쇼다운,,,ruby data
,12385,,￹Kozmo￺코즈모￻－퍼비드,,,ruby data
,12386,,￹Kozmo￺코즈모￻－다크 엘파이버,,,ruby data
,12387,,￹Kozmo￺코즈모￻－랜드워커,,,ruby data
,12388,,￹Kozmo￺코즈모￻－다크플래닛,,,ruby data
,12389,,￹Kozmo￺코즈모￻－에필로그,,,ruby data
,12400,,￹EM￺엔터메이트￻ 보트아이즈 리저드,,,ruby data
,12401,,￹EM￺엔터메이트￻ 도라고양이,,,ruby data
,12402,,￹EM￺엔터메이트￻ 엑스트라 슈터,,,ruby data
,12403,,￹EM￺엔터메이트￻ 베리어벌룬 바쿠,,,ruby data
,12404,,￹EM￺엔터메이트￻ 고무고무튼,,,ruby data
,12405,,￹EM￺엔터메이트￻ 버블도그,,,ruby data
,12406,,￹EM￺엔터메이트￻ 래디시 호스,,,ruby data
,12407,,￹EM￺엔터메이트￻ 라이프 스워드맨,,,ruby data
,12409,,￹DD￺디디￻ 마도현자 토마스,,,ruby data
,12410,,￹DD￺디디￻ 마도현자 니콜라,,,ruby data
,12411,,￹BF￺블랙 페더￻－역권의 토네이도,,,ruby data
,12412,,￹BF￺블랙 페더￻－농그림자의 고우후우,,,ruby data
,12419,,진룡검사 마스터￹P￺피스￻,,,ruby data
,12424,,진룡황 아그니마즈드￹V￺버니셔￻,,,ruby data
,12446,,￹A BF￺어썰트 블랙 페더￻－비를 긋는 사요,,,ruby data
,12447,,￹A BF￺어썰트 블랙 페더￻－오월비의 소하야,,,ruby data
,12448,,￹A BF￺어썰트 블랙 페더￻－신립의 오니마르,,,ruby data
,12459,,메타모르￹F￺포메이션￻,,,ruby data
,12487,,푸른 눈의 카오스 ￹MAX￺맥스￻ 드래곤,,,ruby data
,12530,,￹EM￺엔터메이트￻ 유니,,,ruby data
,12531,,￹EM￺엔터메이트￻ 콘,,,ruby data
,12532,,￹RR￺레이드 랩터즈￻－네이팜 드라고니어스,,,ruby data
,12533,,￹RR￺레이드 랩터즈￻－블레이드 버너 팔콘,,,ruby data
,12592,,￹EM￺엔터메이트￻ 윔 위치,,,ruby data
,12593,,￹EM￺엔터메이트￻ 올커버 히포,,,ruby data
,12594,,￹EM￺엔터메이트￻ 씰 일,,,ruby data
,12595,,￹EM￺엔터메이트￻ 체인지라프,,,ruby data
,12611,,진룡황 바하루스토스￹F￺퓨러￻,,,ruby data
,12619,,￹PSY￺싸이￻프레임 멀티스레더,,,ruby data
,12620,,그레이돌 슬라임￹Jr.￺주니어￻,,,ruby data
,12632,,초중첩자 사루토－￹B￺비￻,,,ruby data
,12644,,￹RUM￺랭크 업 매직￻－팬텀 나이츠 라운치,,,ruby data
,12647,,크리스탈￹P￺포텐셜￻,,,ruby data
,12664,,￹PSY￺싸이￻프레임 엑셀러레이터,,,ruby data
,12673,,￹EM￺엔터메이트￻ 핸사무라이거,,,ruby data
,12688,,￹SPYRAL￺스파이랄￻－댄디,,,ruby data
,12689,,￹SPYRAL￺스파이랄￻－지니어스,,,ruby data
,12690,,￹SPYRAL GEAR￺스파이랄 기어￻－드론,,,ruby data
,12691,,￹SPYRAL GEAR￺스파이랄 기어￻－빅 레드,,,ruby data
,12693,,￹EM￺엔터메이트￻ 레 벨맨,,,ruby data
,12698,,￹EM￺엔터메이트￻ 오드아이즈 메탈 크로우,,,ruby data
,12701,,￹EM￺엔터메이트￻ 골드 팽,,,ruby data
,12708,,￹D3￺디큐빅￻,,,ruby data
,12737,,￹EM￺엔터메이트￻ 리턴탕탕,,,ruby data
,12738,,￹EM￺엔터메이트￻ 다그 대거맨,,,ruby data
,12739,,￹EM￺엔터메이트￻ 래프메이커,,,ruby data
,12740,,￹SR￺스피드로이드￻－OMK껌,,,ruby data
,12741,,￹SR￺스피드로이드￻ 뱀부 호스,,,ruby data
,12742,,￹WW￺윈드 위치￻－아이스 벨,,,ruby data
,12743,,￹WW￺윈드 위치￻－스노우 벨,,,ruby data
,12754,,진룡황 리토스아지무￹D￺디재스터￻,,,ruby data
,12775,,￹WW￺윈드 위치￻－크리스탈 벨,,,ruby data
,12778,,￹WW￺윈드 위치￻－윈터 벨,,,ruby data
,12791,,￹RUM￺랭크 업 매직￻－사이퍼 어센션,,,ruby data
,12793,,조디악￹S￺싸인￻,,,ruby data
,12824,,"""￹RESORT￺리조트￻"" ￹STAFF￺스탭￻－차밍",,,ruby data
,12825,,￹SPYRAL￺스파이랄￻－그레이스,,,ruby data
,12826,,￹SPYRAL MISSION￺스파이랄 미션￻－강습,,,ruby data
,12827,,￹SPYRAL RESORT￺스파이랄 리조트￻,,,ruby data
,12829,,￹SR￺스피드로이드￻ 패싱글라이더,,,ruby data
,12861,,￹WW￺윈드 위치￻－글라스 벨,,,ruby data
,12862,,￹LL￺리리컬 루스키니아￻－리사이트 스털링,,,ruby data
,12863,,초중무사 다이－￹8￺하치￻,,,ruby data
,12868,,￹RR￺레이드 랩터즈￻－아스날 팔콘,,,ruby data
,12877,,￹SPYGAL￺스파이갤￻－미스티,,,ruby data
,12878,,￹SPYRAL￺스파이랄￻－터프니스,,,ruby data
,12879,,￹SPYRAL GEAR￺스파이랄 기어￻－멀티와이어,,,ruby data
,12880,,￹SPYRAL MISSION￺스파이랄 미션￻－탈환,,,ruby data
,12881,,￹EM￺엔터메이트￻ 바라드,,,ruby data
,12882,,￹EM￺엔터메이트￻ 바라쿠다,,,ruby data
,12883,,￹SR￺스피드로이드￻ 도미노버터플라이,,,ruby data
,12887,,{R·R·R(레이드 랩터즈 레플리카},,,ruby data
,12889,,￹ONi￺오니￻ 썬더,,,ruby data
,12915,,￹EM￺엔터메이트￻ 스카이 매지션,,,ruby data
,12916,,￹EM￺엔터메이트￻ 스카이 퓨필,,,ruby data
,12917,,￹EM￺엔터메이트￻ 레뷰 댄서,,,ruby data
,12918,,￹EM￺엔터메이트￻ 유골렘,,,ruby data
,12919,,￹EM￺엔터메이트￻ 드라고 리모라,,,ruby data
,12920,,￹SR￺스피드로이드￻ 비드로 도크로,,,ruby data
,12921,,￹SR￺스피드로이드￻ 아쿠마그네,,,ruby data
,12922,,￹SR￺스피드로이드￻ ￹56￺파이브식스￻프레인,,,ruby data
,12926,,￹LL￺리리컬 루스키니아￻－코발트 스패로,,,ruby data
,12927,,￹LL￺리리컬 루스키니아￻－사파이어 스왈로,,,ruby data
,12928,,￹LL￺리리컬 루스키니아￻－터쿼이즈 와블러,,,ruby data
,12929,,￹DD￺디디￻ 고스트,,,ruby data
,12934,,진룡도사 마제스티￹M￺메이든￻,,,ruby data
,12935,,진룡전사 이그니스￹H￺히트￻,,,ruby data
,12936,,진룡권사 다이너마이트￹K￺너클￻,,,ruby data
,12938,,진룡검황 마스터￹P￺피스￻,,,ruby data
,12943,,디지털 버그－￹LED￺레이디￻버그,,,ruby data
,12954,,￹EM￺엔터메이트￻ 개틀링구울,,,ruby data
,12955,,￹LL￺리리컬 루스키니아￻－인디펜던트 나이팅게일,,,ruby data
,12957,,￹LL￺리리컬 루스키니아￻－어셈블리 나이팅게일,,,ruby data
,12958,,￹RR￺레이드 랩터즈￻－에트랑제 팔콘,,,ruby data
,12959,,￹DDD￺디디디￻ 반석왕 다리우스,,,ruby data
,12960,,진룡황 ￹V.F.D.￺더 비스트￻,,,ruby data
,12967,,드래고닉￹D￺다이아그램￻,,,ruby data
,13012,,메가로스매셔￹X￺엑스￻,,,ruby data
,13016,,￹DDD￺디디디￻ 열화대왕 이그제큐티브 테무진,,,ruby data
,13017,,￹FNo.￺퓨처 넘버즈￻0 미래황 호프－퓨처 슬래시,,,ruby data
,13018,,￹RR￺레이드 랩터즈￻－레볼루션 팔콘－에어레이드,,,ruby data
,13025,,￹SPYRAL￺스파이랄￻－보텍스,,,ruby data
,13026,,￹SPYRAL GEAR￺스파이랄 기어￻－라스트 리조트,,,ruby data
,13027,,￹SPYRAL GEAR￺스파이랄 기어￻－엑스트라암즈,,,ruby data
,13028,,￹SPYRAL MISSION￺스파이랄 미션￻－구출,,,ruby data
,13031,,￹RAM￺램￻ 클라우더,,,ruby data
,13037,,￹EM￺엔터메이트￻ 카드 가드너,,,ruby data
,13056,,￹DD￺디디￻ 바이스 튜폰,,,ruby data
,13073,,￹Re:EX￺렉스￻,,,ruby data
,13079,,￹DDD￺디디디￻ 질풍대왕 이그제큐티브 알렉산더,,,ruby data
,13081,,￹DDD￺디디디￻ 노도대왕 이그제큐티브 시져,,,ruby data
,13121,,￹DDD￺디디디￻ 운명의 왕 제로 라플라스,,,ruby data
,13123,,￹DDD￺디디디￻ 초사위왕 퍼플리시 헬 아마게돈,,,ruby data
,13127,,￹EM￺엔터메이트￻ 오드아이즈 미노타우로스,,,ruby data
,13128,,￹EM￺엔터메이트￻ 오드아이즈 디졸버,,,ruby data
,13129,,￹EM￺엔터메이트￻ 오드아이즈 싱크론,,,ruby data
,13130,,￹EM￺엔터메이트￻ 오홍의 마술사,,,ruby data
,13132,,￹DDD￺디디디￻ 초사위왕 화이티스트 헬 아마게돈,,,ruby data
,13133,,￹DDD￺디디디￻ 초사위왕 다크니스 헬 아마게돈,,,ruby data
,13134,,초중무사 오타스－￹K￺케이￻,,,ruby data
,13135,,초중무사 코부－￹C￺씨￻,,,ruby data
,13136,,초중증귀 테츠도－￹O￺오￻,,,ruby data
,13139,,￹RR￺레이드 랩터즈￻－러더 스트릭스,,,ruby data
,13140,,￹RR￺레이드 랩터즈￻－파이널 포트리스 팔콘,,,ruby data
,13197,,￹ROM￺롬￻ 클라우디아,,,ruby data
,13213,,￹F.A.￺포뮬러 애슬리트￻ 소닉마이스터,,,ruby data
,13214,,￹F.A.￺포뮬러 애슬리트￻ 행온마하,,,ruby data
,13215,,￹F.A.￺포뮬러 애슬리트￻ 서킷 ￹GP￺그랑프리￻,,,ruby data
,13216,,￹F.A.￺포뮬러 애슬리트￻ 다운포스,,,ruby data
,13302,,￹V－LAN￺브이랜￻ 히드라,,,ruby data
,13304,,￹DDD￺디디디￻ 초시왕 제로 맥스웰,,,ruby data
,13366,,￹F.A.￺포뮬러 애슬리트￻ 윕크로서,,,ruby data
,13367,,￹F.A.￺포뮬러 애슬리트￻ 터보차저,,,ruby data
,13368,,￹F.A.￺포뮬러 애슬리트￻ 오프로드 ￹GP￺그랑프리￻,,,ruby data
,13369,,￹F.A.￺포뮬러 애슬리트￻ 피트스톱,,,ruby data
,13371,,￹SPYRAL￺스파이랄￻－더 더블헬릭스,,,ruby data
,13448,,￹GUY￺가이￻ 댄스,,,ruby data
,13530,,￹LAN￺랜￻ 포링쿠스,,,ruby data
,13532,,스모 스피릿 ￹YOKO－ZUNA￺요코즈나￻,,,ruby data
,13533,,가라데 스피릿 ￹KURO－OBI￺쿠로오비￻,,,ruby data
,13538,,￹F.A.￺포뮬러 애슬리트￻ 카네비게이터,,,ruby data
,13539,,￹F.A.￺포뮬러 애슬리트￻ 홈트랜스포터,,,ruby data
,13540,,￹F.A.￺포뮬러 애슬리트￻ 시티 ￹GP￺그랑프리￻,,,ruby data
,13541,,￹F.A.￺포뮬러 애슬리트￻ 셰이크다운,,,ruby data
,13700,,￹EM￺엔터메이트￻ 클레이브레이커,,,ruby data
,13702,,켄도 스피릿 ￹KAI－DEN￺카이덴￻,,,ruby data
,13709,,￹F.A.￺포뮬러 애슬리트￻ 다크니스마스터,,,ruby data
,13710,,￹F.A.￺포뮬러 애슬리트￻ 라이트닝마스터,,,ruby data
,13711,,￹F.A.￺포뮬러 애슬리트￻ 위너즈,,,ruby data
,13712,,￹F.A.￺포뮬러 애슬리트￻ 데드 히트,,,ruby data
,13713,,￹F.A.￺포뮬러 애슬리트￻ 오버 히트,,,ruby data
,13717,,￹SIMM￺심￻ 태블러스,,,ruby data
,13844,,빙고머신 ￹GO￺고￻! ￹GO￺고￻!,,,ruby data
,13852,,￹BF￺블랙 페더￻－풀아머드 윙,,,ruby data
,13853,,￹BF￺블랙 페더￻－독풍의 시문,,,ruby data
,13854,,￹BF￺블랙 페더￻－남풍의 아우스테르,,,ruby data
,13892,,샐러맨그레이트 ￹J￺잭￻재규어,,,ruby data
,13928,,다이너레슬러 킹 ￹T￺티￻렛슬,,,ruby data
,13949,,￹G￺자이언트￻ 볼파크,,,ruby data
,14051,,￹F.A.￺포뮬러 애슬리트￻ 샤이닝스타 ￹GT￺지티￻,,,ruby data
,14078,,캬시 이브 ￹L￺엘￻2,,,ruby data
,14086,,￹TG￺테크지너스￻ 스크류 서펜트,,,ruby data
,14087,,￹TG￺테크지너스￻ 부스터 랩토르,,,ruby data
,14088,,￹TG￺테크지너스￻ 탱크 러바,,,ruby data
,14116,,￹TG￺테크지너스￻ 스타 가디언,,,ruby data
,14127,,￹TG￺테크지너스￻ 트라이든트 런처,,,ruby data
,14148,,{NEXT(네오스페이스익스텐션},,,ruby data
,14197,,에일리언 솔저 ￹M￺마이티￻ / 프레임,,,ruby data
,14204,,￹DDD￺디디디￻ 심연왕 빌가메스,,,ruby data
,14205,,￹RR￺레이드 랩터즈￻－와이즈 스트릭스,,,ruby data
,14206,,￹HSR￺하이스피드로이드￻－￹GOM￺지오엠￻건,,,ruby data
,14207,,￹PSY￺싸이￻프레임로드 ￹Λ￺람다￻,,,ruby data
,14224,,￹EM￺엔터메이트￻ 스마일 매지션,,,ruby data
,14243,,샐러맨그레이트 ￹B￺비트￻바이슨,,,ruby data
,14262,,￹TG￺테크지너스￻ 할 버드 캐논 / 버스터,,,ruby data
,14280,,다이너레슬러 키메라 ￹T￺티￻렛슬,,,ruby data
,14286,,파이어월 ￹X￺엑시드￻ 드래곤,,,ruby data
,14337,,초중무사 카카－￹C￺씨￻,,,ruby data
,14339,,￹SR￺스피드로이드￻ 비다머신,,,ruby data
,14340,,￹SR￺스피드로이드￻ 헥사소서,,,ruby data
,14341,,￹EM￺엔터메이트￻ 크리보더,,,ruby data
,14346,,No.￹XX￺더블 엑스￻ 인피니티 다크호프,,,ruby data
,14366,,매지션 오브 블랙 카오스 ￹MAX￺맥스￻,,,ruby data
,14371,,￹Sin￺신￻ 크로스,,,ruby data
,14372,,￹Sin￺신￻ 셀렉터,,,ruby data
,14373,,￹Sin￺신￻ 튠,,,ruby data
,14379,,￹Sin￺신￻ 패러독스 기어,,,ruby data
,14380,,￹Sin￺신￻ 테리토리,,,ruby data
,14430,,￹HSR￺하이스피드로이드￻ 카이드레이크,,,ruby data
,14447,,￹EM￺엔터메이트￻ 턴트루퍼,,,ruby data
,14448,,￹DD￺디디￻ 아크,,,ruby data
,14453,,￹DMZ￺디엠제트￻ 드래곤,,,ruby data
,14487,,바렐로드 ￹X￺엑스차지￻ 드래곤,,,ruby data
,14559,,￹TG￺테크지너스￻ 기어 좀비,,,ruby data
,14560,,￹TG￺테크지너스￻ 드릴 피시,,,ruby data
,14561,,￹TG￺테크지너스￻ 메탈 스켈리턴,,,ruby data
,14567,,￹B·F￺비 포스￻－필중의 핀,,,ruby data
,14568,,￹B·F￺비 포스￻－추격의 다트,,,ruby data
,14569,,￹B·F￺비 포스￻－독침의 니들,,,ruby data
,14570,,￹B·F￺비 포스￻－연격의 트윈보우,,,ruby data
,14571,,￹B·F￺비 포스￻－속사의 알바레스트,,,ruby data
,14572,,￹B·F￺비 포스￻－영궁의 아즈사,,,ruby data
,14573,,￹B·F￺비 포스￻－돌격의 보우제,,,ruby data
,14574,,￹B·F￺비 포스￻－항마궁의 하마,,,ruby data
,14575,,￹B·F￺비 포스￻－결전의 빅 발리스타,,,ruby data
,14625,,바렐로드 ￹F￺퓨리어스￻ 드래곤,,,ruby data
,14708,,￹GO￺고￻－￹DDD￺디디디￻ 신령왕 제로갓 레이지,,,ruby data
,14737,,￹EM￺엔터메이트￻ 미스 디렉터,,,ruby data
,14739,,￹DD￺디디￻ 이블,,,ruby data
,14810,,피카리￹＠￺앳￻이그니스터,,,ruby data
,14811,,부르르￹＠￺앳￻이그니스터,,,ruby data
,14812,,드용￹＠￺앳￻이그니스터,,,ruby data
,14813,,아치치￹＠￺앳￻이그니스터,,,ruby data
,14814,,히야리￹＠￺앳￻이그니스터,,,ruby data
,14815,,드싱￹＠￺앳￻이그니스터,,,ruby data
,14816,,덩요리보￹＠￺앳￻이그니스터,,,ruby data
,14843,,워터 리바이어던￹＠￺앳￻이그니스터,,,ruby data
,14850,,어스 골렘￹＠￺앳￻이그니스터,,,ruby data
,14851,,윈드페가수스￹＠￺앳￻이그니스터,,,ruby data
,14853,,라이트드래곤￹＠￺앳￻이그니스터,,,ruby data
,14854,,다크나이트￹＠￺앳￻이그니스터,,,ruby data
,14855,,파이어피닉스￹＠￺앳￻이그니스터,,,ruby data
,14859,,이그니스터 ￹Ai￺아이￻랜드,,,ruby data
,14860,,￹Ai￺아이￻우치,,,ruby data
,14861,,￹Ai￺아이￻들링 본,,,ruby data
,14862,,￹Ai￺아이￻러브 융합,,,ruby data
,14863,,￹Ai￺아이￻의 의식,,,ruby data
,14878,,￹Ai￺아이￻섀도우,,,ruby data
,14921,,주바바 반초－￹GC￺가가가 코트￻,,,ruby data
,14922,,도도도 드워프－￹GG￺고고고 글로브￻,,,ruby data
,14925,,￹EM￺엔터메이트￻ 천공의 마술사,,,ruby data
,14927,,￹EM￺엔터메이트￻ 팝업,,,ruby data
,14956,,슈팅 스타 드래곤 ￹TG￺테크지너스￻－￹EX￺익스팬션￻,,,ruby data
,14958,,￹FNo.￺퓨처 넘버즈￻0 미래용황 호프,,,ruby data
,14961,,￹DDD￺디디디￻ 사구왕 바이스 레퀴엠,,,ruby data
,14989,,샐러맨그레이트 제브로이드￹X￺엑스￻,,,ruby data
,15033,,프록시 ￹F￺에프￻ 매지션,,,ruby data
,15036,,디 어라이벌 사이버스￹＠￺앳￻이그니스터,,,ruby data
,15042,,￹Ai￺아이￻－콘택트,,,ruby data
,15059,,￹Ai￺아이￻－￹Q￺큐￻,,,ruby data
,15134,,굿사리￹＠￺앳￻이그니스터,,,ruby data
,15135,,갓치리￹＠￺앳￻이그니스터,,,ruby data
,15179,,￹SR￺스피드로이드￻ 블록큰롤,,,ruby data
,15180,,￹SR￺스피드로이드￻ 카르터보,,,ruby data
,15181,,￹DD￺디디￻ 도그,,,ruby data
,15377,,￹Sin￺신￻ 패러다임 드래곤,,,ruby data
,15379,,￹CNo.￺카오스 넘버즈￻1 게이트 오브 카오스 누메론－시뉴니아,,,ruby data
,15483,,￹RR￺레이드 랩터즈￻－힐 이글,,,ruby data
,15484,,￹RR￺레이드 랩터즈￻－스트랭글 레이니어스,,,ruby data
,15497,,￹U.A.￺울트라 애슬리트￻ 리베로 스파이커,,,ruby data
,15498,,￹U.A.￺울트라 애슬리트￻ 플레잉 매니저,,,ruby data
,15530,,￹RUM￺랭크 업 매직￻－팬텀 포스,,,ruby data
,15540,,￹U.A.￺울트라 애슬리트￻ 하이퍼 스타디움,,,ruby data
,15541,,￹U.A.￺울트라 애슬리트￻ 락커 룸,,,ruby data
,15548,,￹RR￺레이드 랩터즈￻－팬텀 클로,,,ruby data
,15555,,￹U.A.￺울트라 애슬리트￻ 맨 오브 더 매치,,,ruby data
,15624,,￹Live☆Twin￺라이브트윈￻ 키스킬,,,ruby data
,15625,,￹Live☆Twin￺라이브트윈￻ 리일라,,,ruby data
,15626,,￹Evil★Twin￺이빌트윈￻ 키스킬,,,ruby data
,15627,,￹Evil★Twin￺이빌트윈￻ 리일라,,,ruby data
,15628,,￹Evil★Twins￺이빌트윈스￻ 키스킬 리일라,,,ruby data
,15629,,￹Live☆Twin￺라이브트윈￻ 엔트런스,,,ruby data
,15630,,￹Live☆Twin￺라이브트윈￻ 채널,,,ruby data
,15632,,￹Evil★Twin￺이빌트윈￻ 챌린지,,,ruby data
,15633,,￹Evil★Twin￺이빌트윈￻ 이지게임,,,ruby data
,15634,,￹Evil★Twin￺이빌트윈￻ 프레젠트,,,ruby data
,15702,,￹S－Force￺시큐리티 포스￻ 난파소야환,,,ruby data
,15703,,￹S－Force￺시큐리티 포스￻ 프로페서 ￹Ϝ￺디감마￻,,,ruby data
,15704,,￹S－Force￺시큐리티 포스￻ 오리피스,,,ruby data
,15705,,￹S－Force￺시큐리티 포스￻ 그라비티노,,,ruby data
,15706,,￹S－Force￺시큐리티 포스￻ 플라＝티나,,,ruby data
,15707,,￹WW￺윈드 위치￻－블리자드 벨,,,ruby data
,15708,,￹WW￺윈드 위치￻－프리즈 벨,,,ruby data
,15719,,￹Live☆Twin￺라이브트윈￻ 리일라 트리트,,,ruby data
,15734,,￹WW￺윈드 위치￻－다이아몬드 벨,,,ruby data
,15739,,￹S－Force￺시큐리티 포스￻ 저스티파이,,,ruby data
,15748,,￹S－Force￺시큐리티 포스￻ 브릿지헤드,,,ruby data
,15749,,￹S－Force￺시큐리티 포스￻ 쇼다운,,,ruby data
,15750,,￹WW￺윈드 위치￻의 방울 소리,,,ruby data
,15762,,￹S－Force￺시큐리티 포스￻ 스페시멘,,,ruby data
,15769,,￹E.M.R.￺엘렉트로 마그네틱 레일건￻,,,ruby data
,15962,,￹ZW￺제알 웨폰￻－페가수스 트윈 세이버,,,ruby data
,15963,,￹ZS￺제알 서버스￻－암즈 세이지,,,ruby data
,15964,,￹ZS￺제알 서버스￻－어센드 세이지,,,ruby data
,15967,,어메이즈먼트 어드미니스트레이터 ＜￹∀rlechino￺아를레키노￻＞,,,ruby data
,15968,,어메이즈먼트 앰배서더 ＜￹Bufo￺부포￻＞,,,ruby data
,15969,,어메이즈먼트 어텐던트＜￹Comica￺코미카￻＞,,,ruby data
,15972,,단마리￹＠￺앳￻이그니스터,,,ruby data
,15975,,￹S－Force￺시큐리티 포스￻ 도그 태그,,,ruby data
,15976,,￹S－Force￺시큐리티 포스￻ 에지 레이저,,,ruby data
,15978,,￹Live☆Twin￺라이브트윈￻ 키스킬 프로스트,,,ruby data
,16001,,￹ZW￺제알 웨폰￻－드래고닉 할 버드,,,ruby data
,16006,,다크인펀트￹＠￺앳￻이그니스터,,,ruby data
,16011,,￹RUM￺랭크 업 매직￻－제알 포스,,,ruby data
,16021,,메구리－￹Ai￺아이￻－,,,ruby data
,16022,,유우－￹Ai￺아이￻－,,,ruby data
,16032,,￹A・∀・CC￺어메이즈 어트랙션 싸이크론코스터￻,,,ruby data
,16033,,￹A・∀・WW￺어메이즈 어트랙션 원더휠￻,,,ruby data
,16034,,￹A・∀・MM￺어메이즈 어트랙션 마제스틱마네주￻,,,ruby data
,16035,,￹A・∀・RR￺어메이즈 어트랙션 라피도레이싱￻,,,ruby data
,16036,,￹A・∀・HH￺어메이즈 어트랙션 호러하우스￻,,,ruby data
,16037,,하타시－￹Ai￺아이￻－,,,ruby data
,16038,,￹S－Force￺시큐리티 포스￻ 체이스,,,ruby data
,16209,,어메이즈먼트 어시스턴트 ＜￹Delia￺딜라이아￻＞,,,ruby data
,16213,,인공지능 ￹ME￺메￻－￹PSY￺싸이￻－￹YA￺야￻,,,ruby data
,16251,,￹Live☆Twin￺라이브트윈￻ 트러블상,,,ruby data
,16265,,￹A・∀・VV￺어메이즈 어트랙션 뱅키시바이킹￻,,,ruby data
,16274,,맞찌르￹GUY￺가이￻,,,ruby data
,16376,,￹SR￺스피드로이드￻ 취지 동자,,,ruby data
,16377,,￹SR￺스피드로이드￻ 매직하운드,,,ruby data
,16378,,￹HSR￺하이스피드로이드￻ 코르크－￹10￺열￻,,,ruby data
,16380,,￹HSR￺하이스피드로이드￻ / ￹CW￺클리어윙￻ 라이더,,,ruby data
,16381,,￹SR￺스피드로이드￻ 룰렛,,,ruby data
,16382,,￹SR￺스피드로이드￻ 듀플리게이트,,,ruby data
,16390,,￹LL￺리리컬 루스키니아￻－베릴 카나리,,,ruby data
,16391,,￹LL￺리리컬 루스키니아￻－셀레스트 와그테일,,,ruby data
,16392,,￹LL￺리리컬 루스키니아￻－앙상블루 로빈,,,ruby data
,16393,,￹LL￺리리컬 루스키니아￻－프롬 슬래시,,,ruby data
,16394,,￹LL￺리리컬 루스키니아￻－버드 콜,,,ruby data
,16395,,￹LL￺리리컬 루스키니아￻－버드 성역,,,ruby data
,16396,,￹LL￺리리컬 루스키니아￻－비익의 려조,,,ruby data
,16419,,￹ZW￺제알 웨폰￻－실피드 윙,,,ruby data
,16420,,￹ZS￺제알 서버스￻－우로보로스 세이지,,,ruby data
,16429,,￹SR￺스피드로이드￻ 스크래치,,,ruby data
,16430,,￹LL￺리리컬 루스키니아￻－버드 스트라이크,,,ruby data
,16435,,키－￹Ai￺아이￻－,,,ruby data
,16436,,￹Ai￺아이￻－쇼,,,ruby data
,16472,,￹ZS￺제알 서버스￻－호프 세이지,,,ruby data
,16473,,￹HRUM￺하이퍼 랭크 업 매직￻－토피아 포스,,,ruby data
,16522,,바렐로드 ￹R￺라이엇￻ 드래곤,,,ruby data
,16537,,￹Evil★Twin's￺이빌트윈스￻ 트러블 써니,,,ruby data
,16627,,￹D·D·D￺디퍼런트 디멘션 더비￻,,,ruby data
,16724,,￹Uk￺우키요에￻－￹P.U.N.K.￺펑크￻ 샤라쿠사이,,,ruby data
,16725,,￹Ga￺가가쿠￻－￹P.U.N.K.￺펑크￻ 와곤,,,ruby data
,16726,,￹Jo￺조루리￻－￹P.U.N.K.Mme.￺펑크마담￻ 스파이더,,,ruby data
,16727,,￹No￺노￻－￹P.U.N.K.￺펑크￻ 세아민,,,ruby data
,16728,,￹No￺노￻－￹P.U.N.K.￺펑크￻ 폭시 튠,,,ruby data
,16729,,￹No￺노￻－￹P.U.N.K.￺펑크￻ 오우거 넘버,,,ruby data
,16730,,￹Uk￺우키요에￻－￹P.U.N.K.￺펑크￻ 카프 라이징,,,ruby data
,16731,,￹Uk￺우키요에￻－￹P.U.N.K.￺펑크￻ 어메이징 드래곤,,,ruby data
,16732,,￹Ga￺가가쿠￻－￹P.U.N.K.￺펑크￻ 와일드 피킹,,,ruby data
,16733,,￹Ga￺가가쿠￻－￹P.U.N.K.￺펑크￻ 크러시 비트,,,ruby data
,16734,,￹Jo￺조루리￻－￹P.U.N.K.￺펑크￻ 데인저러스 가부,,,ruby data
,16735,,￹Jo￺조루리￻－￹P.U.N.K.￺펑크￻ 나시와리 서프라이즈,,,ruby data
,16818,,￹DD￺디디￻ 그리폰,,,ruby data
,16821,,￹S－Force￺시큐리티 포스￻ 라프스웰,,,ruby data
,16822,,￹S－Force￺시큐리티 포스￻ 레트로액티브,,,ruby data
,16849,,￹DDD￺디디디￻ 사치왕 데스 마키나,,,ruby data
,16880,,￹DDD￺디디디￻ 헤드헌트,,,ruby data
,17033,,섬술병기－￹H.A.M.P.￺햄프￻,,,ruby data
,17042,,￹CX￺카오스 엑시즈￻－네필 어사일럼 카오스 나이트,,,ruby data
,17109,,￹EM￺엔터메이트￻ 오드아이즈 버틀러,,,ruby data
,17110,,￹EM￺엔터메이트￻ 오드아이즈 불릿,,,ruby data
,17111,,￹EM￺엔터메이트￻ 바록크리보,,,ruby data
,17112,,￹EM￺엔터메이트￻ 클래식크리보,,,ruby data
,17113,,￹EM￺엔터메이트￻ 젠틀루드,,,ruby data
,17114,,￹EM￺엔터메이트￻ 레이디앙쥬,,,ruby data
,17127,,￹H·C￺히로익 챌린저￻ 너클 나이프,,,ruby data
,17128,,￹H·C￺히로익 챌린저￻ 모닝 스타,,,ruby data
,17134,,￹No￺노￻－￹P.U.N.K.￺펑크￻ 디어 노트,,,ruby data
,17155,,￹H－C￺히로익 챔피언￻ 크레이브솔리시,,,ruby data
,17156,,￹H－C￺히로익 챔피언￻ 야릉그레이프,,,ruby data
,17163,,￹EXP￺엑스트라 펜듈럼￻,,,ruby data
,17190,,￹XX￺크로스 엑스￻ 클루전,,,ruby data
,17191,,￹Vivid￺비비드￻ ￹Tail￺테일￻,,,ruby data
,17232,,리브로맨서 ￹G￺기크￻보이,,,ruby data
,17245,,소울에너지 ￹MAX￺맥스￻!!,,,ruby data
,17247,,￹Wake￺웨이크￻ ￹Up￺업￻ ￹Your￺유어￻ 엘리멘틀 히어로,,,ruby data
,17258,,￹EM￺엔터메이트￻ 희대의 듀얼리스트,,,ruby data
,17260,,￹Battle￺배틀￻ ￹Royal￺로얄￻ ￹Mode￺모드￻－￹Joining￺조이닝￻,,,ruby data
,17262,,￹Into￺인투￻ ￹the￺더￻ {VRAINS(브레인즈)!},,,ruby data
,17351,,밸리언츠￹B￺버스터￻－바론,,,ruby data
,17352,,밸리언츠￹V￺볼티지￻－바이칸트,,,ruby data
,17353,,밸리언츠￹M￺매드￻－마키스,,,ruby data
,17354,,밸리언츠￹D￺도미네이터￻－듀크,,,ruby data
,17356,,밸리언츠￹G￺제네시스￻－그랑듀크,,,ruby data
,17357,,￹VV￺밸리언츠＝워￻~시작의 땅~,,,ruby data
,17358,,￹VV￺밸리언츠＝월드￻－진라만상,,,ruby data
,17359,,￹VV￺밸리언츠＝월드￻－쾨니히 비센,,,ruby data
,17389,,￹C￺씨￻전장의 지휘관 코로넬,,,ruby data
,17448,,￹P.U.N.K.￺펑크￻￹JAM￺잼￻ 드래곤 드라이브,,,ruby data
,17453,,￹EN￺이엔느￻－인게이지 네오스페이스,,,ruby data
,17456,,￹EN￺이엔느￻ 웨이브,,,ruby data
,17467,,￹P.U.N.K.￺펑크￻￹JAM￺잼￻ 익스트림 세션,,,ruby data
,17479,,￹A・∀・TT￺어메이즈 어트랙션 스릴트레인￻,,,ruby data
,17596,,￹D￺디포머￻·텔레폰,,,ruby data
,17598,,￹D￺디포머￻·스캐넌,,,ruby data
,17599,,￹D￺디포머￻·이어폰,,,ruby data
,17601,,￹D￺디포머￻·컨버트유니트,,,ruby data
,17626,,￹EN￺이엔느￻ 셔플,,,ruby data
,17628,,￹A￺어드밴스드￻ 보옥수 루비 카번클,,,ruby data
,17629,,￹A￺어드밴스드￻ 보옥수 애머지스트 캣,,,ruby data
,17630,,￹A￺어드밴스드￻ 보옥수 에머랄드 터틀,,,ruby data
,17631,,￹A￺어드밴스드￻ 보옥수 토파즈 타이거,,,ruby data
,17632,,￹A￺어드밴스드￻ 보옥수 앰버 맘모스,,,ruby data
,17633,,￹A￺어드밴스드￻ 보옥수 코발트 이글,,,ruby data
,17634,,￹A￺어드밴스드￻ 보옥수 사파이어 페가수스,,,ruby data
,17636,,￹D￺디포머￻·임팩트 리턴,,,ruby data
,17647,,￹EM￺엔터메이트￻ 오드아이즈 프리스트,,,ruby data
,17757,,￹BF￺블랙 페더￻－무뢰의 바타,,,ruby data
,17758,,￹BF￺블랙 페더￻－람사의 샤멀,,,ruby data
,17759,,￹BF￺블랙 페더￻－설격의 치누크,,,ruby data
,17760,,￹BF￺블랙 페더￻－환상요의 스즈리,,,ruby data
,17761,,￹BF￺블랙 페더￻－각야의 존다,,,ruby data
,17778,,룡검사 이그니스￹P￺피닉스￻,,,ruby data
,17779,,룡검사 마제스티￹P￺페가수스￻,,,ruby data
,17780,,룡검사 다이너마이트￹P￺파워로드￻,,,ruby data
,17787,,큐도 스피릿 ￹HAN￺한￻－￹SHI￺시￻,,,ruby data
,17789,,데스튠－￹GT19￺지티일구￻,,,ruby data
,17798,,￹BF￺블랙 페더￻－마풍의 보레아스,,,ruby data
,17820,,드래고닉￹P￺펜듈럼￻,,,ruby data
,17823,,￹VV￺밸리언츠＝웨이크￻－솔로액티베이트,,,ruby data
,17826,,￹BF￺블랙 페더￻－트윈섀도우,,,ruby data
,17991,,￹R－ACE￺레스큐 에이스￻ 임펄스,,,ruby data
,17992,,￹R－ACE￺레스큐 에이스￻ 에어호이스터,,,ruby data
,17993,,￹R－ACE￺레스큐 에이스￻ 인트루더,,,ruby data
,17994,,￹R－ACE￺레스큐 에이스￻ 하이드런트,,,ruby data
,17995,,￹R－ACE￺레스큐 에이스￻ 파이어 어태커,,,ruby data
,17996,,￹R－ACE￺레스큐 에이스￻ 파이어 엔진,,,ruby data
,17997,,￹R－ACE￺레스큐 에이스￻ 터뷸런스,,,ruby data
,17998,,￹R－ACE￺레스큐 에이스￻ 헤드쿼터,,,ruby data
,17999,,￹RESCUE￺레스큐￻!,,,ruby data
,18000,,￹ALERT￺얼러트￻!,,,ruby data
,18001,,￹CONTAIN￺컨테인￻!,,,ruby data
,18002,,￹EXTINGUISH￺익스팅기시￻!,,,ruby data
,18171,,은익의 ￹AXE￺액스￻－서리,,,ruby data
,18172,,￹Couple of Aces￺커플 오브 에이시즈￻,,,ruby data
,18182,,침연의 밸리언츠－아르크토스 ￹XII￺트웰브￻,,,ruby data
,18188,,￹CNo.￺카오스 넘버즈￻62 네오 갤럭시아이즈 프라임 포톤 드래곤,,,ruby data
,18193,,"트라이브리게이드 암즈 ""￹Bucephalus￺부케팔로스￻￹Ⅱ￺투￻""",,,ruby data
,18207,,￹G￺자이언트￻ 볼 슛,,,ruby data
,18440,,￹DDDD￺디디디디￻ 초차원통황 제로 패러독스,,,ruby data
,18441,,애디셔널 미러 레벨 ￹7￺세븐￻,,,ruby data
,18455,,￹GP￺골드 프라이드￻－리온,,,ruby data
,18456,,￹GP￺골드 프라이드￻－￹N￺나이트로￻헤드,,,ruby data
,18457,,￹GP￺골드 프라이드￻－캡틴 캐리,,,ruby data
,18458,,￹GP￺골드 프라이드￻－스타 리온,,,ruby data
,18459,,￹GP￺골드 프라이드￻－￹N￺나이트로￻블래스터,,,ruby data
,18460,,￹GP￺골드 프라이드￻－고 와일드,,,ruby data
,18461,,￹GP￺골드 프라이드￻－스타트 엔진,,,ruby data
,18466,,초중무사 바이－￹Q￺큐￻,,,ruby data
,18467,,초중무사 온－￹32￺미츠￻,,,ruby data
,18469,,초중신동 워커－￹U4￺우시￻,,,ruby data
,18470,,초중승병 빅벤－￹K￺케이￻,,,ruby data
,18486,,어메이즈먼트 도미네이타 <￹Arlechino￺아를레키노￻>,,,ruby data
,18502,,초중천신 마스라－￹O￺오￻,,,ruby data
,18503,,초중신장 샤나－￹O￺오￻,,,ruby data
,18513,,￹S－Force￺시큐리티 포스￻ 나이트체이서,,,ruby data
,18538,,￹REINFORCE￺리인포스￻!,,,ruby data
,18657,,초중무사 도우￹C－N￺신￻,,,ruby data
,18669,,￹GP￺골드 프라이드￻－￹RB￺롤러볼러￻,,,ruby data
,18670,,￹GP￺골드 프라이드￻－￹PB￺핀볼러￻,,,ruby data
,18671,,￹GP￺골드 프라이드￻－채리엇 캐리호,,,ruby data
,18672,,￹GP￺골드 프라이드￻－아웃 오브 노웨어,,,ruby data
,18673,,￹GP￺골드 프라이드￻－페달 투 메탈,,,ruby data
,18674,,￹GP￺골드 프라이드￻－베터 럭,,,ruby data
,18675,,￹GP￺골드 프라이드￻－넥 앤드 넥,,,ruby data
,18727,,￹VS￺뱅키시 소울￻ 라젠,,,ruby data
,18728,,￹VS￺뱅키시 소울￻ 판테라,,,ruby data
,18729,,￹VS￺뱅키시 소울￻ 헤비 보거,,,ruby data
,18730,,￹VS￺뱅키시 소울￻ Dr.매드라브,,,ruby data
,18731,,￹VS￺뱅키시 소울￻ 플루톤HG,,,ruby data
,18732,,￹VS￺뱅키시 소울￻ 카이저 바리우스,,,ruby data
,18734,,￹Stake Your Soul￺스테이크 유어 소울￻!,,,ruby data
,18735,,￹VS￺뱅키시 소울￻ 더스트데블,,,ruby data
,18736,,￹VS￺뱅키시 소울￻ 컨티뉴,,,ruby data
,18737,,￹VS￺뱅키시 소울￻ 트리니티 버스트,,,ruby data
,18738,,￹VS￺뱅키시 소울￻ 캘러미티 카이저,,,ruby data
,18745,,￹Nouvellez Auberge 『À Table』￺누벨즈 오베르쥬 아 따블르￻,,,ruby data
,18746,,￹Voici la Carte￺브와씨 라 꺄흐트￻~메뉴는 이쪽에~,,,ruby data
,18747,,￹Recette de Poisson￺흐쎄트 드 쁘아쏭￻~생선요리 요리법~,,,ruby data
,18748,,￹Recette de Viande￺흐쎄트 드 비앙드￻~고기요리 요리법~,,,ruby data
,18749,,￹Recette de Personnel￺흐쎄트 드 뻬흐쏘넬￻~스태프 식사 요리법~,,,ruby data
,18750,,￹Recette de Spécialité￺흐쎄트 드 스페시알리떼￻~셰프의 특제 요리법~,,,ruby data
,18808,,천극휘사－베어트론￹α￺알파￻,,,ruby data
,18809,,￹R－ACE￺레스큐 에이스￻ 프리벤터,,,ruby data
,18845,,￹EMERGENCY￺이멀전시￻!,,,ruby data
,18850,,초월진화약￹β￺베타￻,,,ruby data
,18861,,￹VV￺밸리언츠＝웨이브￻－마스터페이즈,,,ruby data
,18922,,￹BK￺버닝나쿠라￻ 어퍼커터,,,ruby data
,18923,,￹BK￺버닝나쿠라￻ 치프세컨드,,,ruby data
,18924,,￹BK￺버닝나쿠라￻ 프로모터,,,ruby data
,18925,,￹CNo.￺카오스 넘버즈￻79 ￹BK￺버닝나쿠라￻ 장성의 카이사르,,,ruby data
,18926,,￹BK￺버닝나쿠라￻ 킹 뎀프시,,,ruby data
,19031,,트라이앵글－￹O￺오￻,,,ruby data
,19142,,￹SPYRAL￺스파이랄￻－더블페이크,,,ruby data
,19145,,￹TG￺테크지너스￻ 로켓 샐러맨더,,,ruby data
,19160,,￹VS￺뱅키시 소울￻ 쟈오롱,,,ruby data
,19165,,인베이시브 에일리언 스피시즈－￹I.A.S￺아이 어스￻,,,ruby data
,19176,,￹TG￺테크지너스￻ 마이티 스트라이커,,,ruby data
,19177,,￹TG￺테크지너스￻ 오버 드래그너,,,ruby data
,19178,,￹TG￺테크지너스￻ 글레이브 블래스터,,,ruby data
,19183,,￹FA￺풀아머드￻－다크 나이트 랜서,,,ruby data
,19191,,￹TG￺테크지너스￻－브레이크리미터,,,ruby data
,19192,,￹TG￺테크지너스￻－올클리어,,,ruby data
,19206,,￹Concours de Cuisine￺콩쿠르 드 퀴진￻~살벌한 요리 대결~,,,ruby data
,19212,,￹TG￺테크지너스￻－클로즈,,,ruby data
,19220,,￹VS￺뱅키시 소울￻ 스노우데블,,,ruby data
,19374,,센츄리온 에메트￹Ⅵ￺젝스￻,,,ruby data
,19459,,￹RR￺레이드 랩터즈￻－누아르 레이니어스,,,ruby data
,19460,,￹RR￺레이드 랩터즈￻－블룸 벌쳐,,,ruby data
,19495,,마스터 오브 ￹HAM￺햄￻,,,ruby data
,19500,,￹RR￺레이드 랩터즈￻－라이징 리벨리온 팔콘,,,ruby data
,19501,,￹RR￺레이드 랩터즈￻－브레이브 스트릭스,,,ruby data
,19511,,￹ЯRUM￺라이즈 랭크 업 매직￻－레이드 랩터즈 포스,,,ruby data
,19512,,￹RR￺레이드 랩터즈￻－루스트,,,ruby data
,19529,,￹RR￺레이드 랩터즈￻－그로리어스 브라이트,,,ruby data
,19623,,￹A·O·G￺암즈 오브 제넥스￻ 리턴제로,,,ruby data
,4018,,바바리안 2호,,,
,4020,,황소마인,,,
,4046,,항아리 마인,,,
,4138,,13번째 매장자,,,
,4155,,램프의 마인,,,
,4166,,마그넷 1호,,,
,4167,,마그넷 2호,,,
,4200,,마인 테라,,,
,4396,,TM－1 런처 스파이더,,,
,4428,,인조인간 7호,,,
,4560,,바바리안 1호,,,
,4561,,타이혼 #2,,,
,4729,,슬롯머신 AM－7,,,
,4806,,7 카드,,,
,4863,,도적의 7가지 도구,,,
,4917,,UFO 터틀,,,
,4951,,DNA 개조 수술,,,
,4981,,도깨비 탱크 T－34,,,
,5019,,마도신사－J,,,
,5035,,X·E·N·O,,,
,5113,,몬스터 BOX,,,
,5139,,죽음의 4성 무당벌레,,,
,5239,,해피 레이디·SB,,,
,5271,,"죽음의 메시지 ""I""",,,
,5272,,"죽음의 메시지 ""N""",,,
,5273,,"죽음의 메시지 ""A""",,,
,5274,,"죽음의 메시지 ""L""",,,
,5302,,마인 다크 벌터,,,
,5324,,7가지 무기를 가진 헌터,,,
,5403,,체력 증강제 슈퍼 Z,,,
,5421,,8쌍 다리 스콜피온,,,
,5502,,F·G·D,,,
,5504,,X－헤드 캐논,,,
,5508,,대목인18,,,
,5552,,Y－드래곤 헤드,,,
,5553,,XY－드래곤 캐논,,,
,5555,,Z－메탈 캐터필러,,,
,5556,,XYZ－드래곤 캐논,,,
,5617,,8식대 마법다중결계,,,
,5625,,XZ－캐터필러 캐논,,,
,5626,,YZ－캐터필러 드래곤,,,
,5666,,절대복종 마인,,,
,5876,,화염목인18,,,
,5893,,수륙양용 버그로스 MK－3,,,
,5919,,DNA 이식 수술,,,
,5932,,D.D.어세일런트,,,
,5944,,데인저러스 머신 TYPE－6,,,
,5962,,KA－2 데스 시저스,,,
,6053,,7,,,
,6054,,레벨 제한 B구역,,,
,6093,,대목탄18,,,
,6097,,얼티미트 인섹트 LV1,,,
,6098,,호루스의 흑염룡 LV4,,,
,6099,,호루스의 흑염룡 LV6,,,
,6100,,호루스의 흑염룡 LV8,,,
,6101,,암흑의 미믹 LV1,,,
,6102,,암흑의 미믹 LV3,,,
,6103,,미스틱 스워드맨 LV2,,,
,6104,,미스틱 스워드맨 LV4,,,
,6105,,암드 드래곤 LV3,,,
,6106,,암드 드래곤 LV5,,,
,6107,,암드 드래곤 LV7,,,
,6111,,첩자 마스터 SASUKE,,,
,6119,,마인드 온 에어,,,
,6127,,마스터 오브 OZ,,,
,6147,,마인드 크러시,,,
,6158,,트릭키 매직4,,,
,6162,,사일런트 스워드맨 LV3,,,
,6164,,사일런트 스워드맨 LV5,,,
,6166,,사일런트 스워드맨 LV7,,,
,6167,,사일런트 매지션 LV4,,,
,6170,,사일런트 매지션 LV8,,,
,6172,,인조목인18,,,
,6178,,얼티미트 인섹트 LV3,,,
,6179,,미스틱 스워드맨 LV6,,,
,6186,,해피 레이디1,,,
,6187,,해피 레이디2,,,
,6188,,해피 레이디3,,,
,6202,,함정 처리반 A팀,,,
,6208,,트라이앵글 X 스파크,,,
,6221,,마인드 핵,,,
,6238,,얼티미트 인섹트 LV5,,,
,6265,,용마인 킹드라군,,,
,6283,,D.D.다이너마이트,,,
,6319,,얼티미트 인섹트 LV7,,,
,6327,,마인 골렘,,,
,6339,,전지맨－AA,,,
,6406,,날개 크리보 LV10,,,
,6420,,G·코잣키,,,
,6428,,전지맨－C,,,
,6430,,D·D·M,,,
,6437,,시엔의 간첩,,,
,6471,,V－타이거 제트,,,
,6475,,W－윙 캐터펄트,,,
,6476,,염옥마인 헬 버너,,,
,6483,,VW－타이거 캐터펄트,,,
,6484,,VWXYZ－드래곤 캐터펄트 캐논,,,
,6492,,본딩－H2O,,,
,6523,,레벨 제한 A구역,,,
,6540,,암드 드래곤 LV10,,,
,6572,,마그넷 서클 LV2,,,
,6623,,성공확률 0%,,,
,6671,,H－히트 하트,,,
,6672,,E－이멀전시 콜,,,
,6673,,R－라이트 저스티스,,,
,6674,,O－오버소울,,,
,6678,,D－타임,,,
,6680,,D－실드,,,
,6684,,빅토리 바이퍼 XX03,,,
,6703,,전지맨－D,,,
,6746,,진입금지! No Entry!!,,,
,6761,,D－체인,,,
,6762,,D－스피릿,,,
,6856,,사이버 오우거 2,,,
,6870,,얼루어 퀸 LV3,,,
,6871,,얼루어 퀸 LV5,,,
,6872,,얼루어 퀸 LV7,,,
,6876,,다크 루시어스 LV4,,,
,6877,,다크 루시어스 LV6,,,
,6878,,다크 루시어스 LV8,,,
,6898,,"침식세포 ""A""",,,
,6952,,D－카운터,,,
,6980,,D.D. 크로우,,,
,6994,,A 세포 산포 폭탄,,,
,7004,,마천루2－히어로 시티,,,
,7035,,엔젤 07,,,
,7096,,데스티니 히어로 블루－D,,,
,7099,,엔젤 01,,,
,7128,,A 세포 증식 장치,,,
,7129,,이계공간－A 존,,,
,7162,,NEX,,,
,7251,,The big SATURN,,,
,7315,,A 세포 배양 장치,,,
,7326,,디스트럭트 서클－A,,,
,7344,,아르카나 포스 EX－빛의 통치자,,,
,7347,,The splendid VENUS,,,
,7383,,히어로즈 룰 2,,,
,7438,,블루 썬더 T45,,,
,7519,,D·D·R,,,
,7526,,날개 크리보 LV9,,,
,7536,,X－세이버 액셀,,,
,7537,,X－세이버 에어벨룬,,,
,7538,,X－세이버 얼즈,,,
,7540,,A·O·J 클라우솔라스,,,
,7541,,A·O·J 갈라드홀그,,,
,7542,,A·O·J 루드라,,,
,7551,,X－세이버 울벨룸,,,
,7552,,A·O·J 카타스톨,,,
,7581,,아르카나 포스 0－더 풀,,,
,7590,,아르카나 포스 EX－어둠의 통치자,,,
,7607,,혹성에서 온 물체A,,,
,7615,,드라군 D－엔드,,,
,7621,,D－포메이션,,,
,7639,,D－포춘,,,
,7678,,거대전함 빅코어 MK－Ⅱ,,,
,7821,,X－세이버 아나페레라,,,
,7822,,X－세이버 가라해드,,,
,7823,,X－세이버 파로무로,,,
,7824,,X－세이버 파시울,,,
,7825,,A·폭탄,,,
,7826,,A·O·J 사우전드 암즈,,,
,7827,,A·O·J 언논 크러셔,,,
,7835,,X－세이버 웨인,,,
,7836,,A·O·J 라이트 게이저,,,
,7840,,A·O·J 싸이크론 크리에이터,,,
,7933,,DNA 정기검진,,,
,7960,,A·마인드,,,
,7961,,A·O·J 블라인드 서커,,,
,7962,,A·O·J 리서처,,,
,7963,,A·O·J 에너미 캐처,,,
,7964,,A·O·J 썬더 아머,,,
,7965,,A·O·J 코즈믹 클로저,,,
,7973,,A·O·J 필드 마샬,,,
,7998,,서몬 리액터 AI,,,
,8000,,트랩 리액터 RR,,,
,8002,,매직 리액터 AID,,,
,8048,,Re－BUSTER,,,
,8081,,RAI－JIN,,,
,8082,,RAI－MEI,,,
,8111,,A·O·J 리버스 브레이크,,,
,8112,,A·O·J 언리미터,,,
,8129,,엘리멘틀 히어로 앱솔루트 Zero,,,
,8146,,고대유적 코드A,,,
,8191,,G·B·헌터,,,
,8198,,트러스트 마인드,,,
,8204,,정크 BOX,,,
,8205,,더블 툴 D&C,,,
,8315,,흑빛의 G,,,
,8325,,마인필드,,,
,8407,,A·O·J 리설 웨폰,,,
,8408,,A·O·J D.D. 체커,,,
,8409,,A·O·J 사이클리더,,,
,8417,,A·O·J 디사이시브 암즈,,,
,8472,,의식마인 릴리서,,,
,8473,,의식마인 프리자이더,,,
,8546,,A·제넥스 둘다크,,,
,8549,,A·제넥스 리모트,,,
,8550,,A·제넥스 파워콜,,,
,8551,,A·제넥스 체인저,,,
,8552,,A·제넥스 볼캐논,,,
,8553,,A·제넥스 솔리드,,,
,8574,,A·제넥스 트라이암,,,
,8648,,의식마인 커스인챈터,,,
,8649,,의식마인 프레코그스타,,,
,8685,,기계왕－B.C.3000,,,
,8708,,A·제넥스 케미스트리,,,
,8709,,A·제넥스 버드맨,,,
,8710,,A·제넥스 벨플레임,,,
,8711,,A·제넥스 크러셔,,,
,8712,,A·제넥스 리바이버,,,
,8729,,A·제넥스 트라이포스,,,
,8733,,The tyrant NEPTUNE,,,
,8734,,The 애트머스피어,,,
,8759,,의식마인 디저즈,,,
,8763,,A·제넥스 액셀,,,
,8810,,전지맨－AAA,,,
,8813,,A·O·J 코어 디스트로이,,,
,8822,,ZERO－MAX,,,
,8936,,AD 체인저,,,
,8945,,마인 몰,,,
,9096,,"자동기계병 236 ""이삼육""",,,
,9097,,"자동기계상인 177 ""일칠칠""",,,
,9098,,"자동기계참모 248 ""이사팔""",,,
,9099,,"자동기계첩자 339 ""삼삼구""",,,
,9100,,"자동기계무사 6318 ""육삼십팔""",,,
,9120,,"자동기계장군 00 ""무령""",,,
,9140,,D2 실드,,,
,9178,,이비리추어 마인드오우거스,,,
,9205,,D.D. 디스트로이어,,,
,9274,,The despair URANUS,,,
,9281,,스크랩 마인드리더,,,
,9285,,"자동기계통 96 ""신크로""",,,
,9318,,"자동기계수위 313 ""삼일삼""",,,
,9319,,"자동기계첩자 919 ""구일구""",,,
,9430,,The tripping MERCURY,,,
,9444,,X－세이버 소우저,,,
,9447,,Z－ONE,,,
,9452,,"자동기계무쌍 818 ""팔일팔""",,,
,9455,,증식의 G,,,
,9467,,The grand JUPITER,,,
,9470,,The blazing MARS,,,
,9501,,"자동기계아가씨 224 ""이이사""",,,
,9502,,"자동기계첩자 7749 ""칠칠사십구""",,,
,9524,,TGX1－HL,,,
,9525,,TGX300,,,
,9539,,TGX3－DX2,,,
,9540,,TG－SX1,,,
,9541,,TG1－EM1,,,
,9551,,W성운운석,,,
,9561,,The suppression PLUTO,,,
,9562,,The supremacy SUN,,,
,9575,,No.39 유토피아,,,
,9626,,버그맨 X,,,
,9627,,버그맨 Y,,,
,9628,,버그맨 Z,,,
,9650,,지옥의 괴뢰마인,,,
,9656,,No.17 레비아단 드래곤,,,
,9658,,No.34 전산기야수 테라바이트,,,
,9683,,데미지 백신 Ω MAX,,,
,9686,,Oh F!sh!,,,
,9745,,텔레폰 D.D.,,,
,9757,,No.83 갤럭시 퀸,,,
,9759,,No.10 일루미 나이트,,,
,9760,,No.20 기가 브릴리언트,,,
,9853,,No.61 볼카사우루스,,,
,9854,,No.19 프리자돈,,,
,9857,,No.56 골드래트,,,
,9858,,No.30 파멸의 애시드 골렘,,,
,9860,,No.16 쇼크 마스터,,,
,9861,,No.11 빅 아이,,,
,9867,,D－보이즈,,,
,9870,,발조기뢰 태엽마인,,,
,9903,,첩자 마스터 HANZO,,,
,9916,,No.12 기갑첩자 크림즌 섀도우,,,
,9917,,No.96 블랙 미스트,,,
,9964,,No.7 럭키 스트레이트,,,
,9997,,창성신 sophia,,,
,10004,,세이크리드 트레미스M7,,,
,10065,,No.32 샤크 드레이크,,,
,10068,,No.25 포스 포커스,,,
,10129,,No.50 블랙십 오브 콘,,,
,10130,,No.15 기믹 퍼핏－자이언트 킬러,,,
,10157,,기아기아노 MK－Ⅱ,,,
,10173,,No.33 오파츠 마추 마크,,,
,10212,,No.6 오파츠 아틀란타르,,,
,10216,,No.40 기믹 퍼핏－헤븐즈 스트링스,,,
,10266,,No.9 천개성 다이슨 스피어,,,
,10267,,No.8 문장왕 게놈 헤리터,,,
,10307,,No.91 썬더 스파크 드래곤,,,
,10323,,No.69 갓 메달리온 코트 오브 암즈,,,
,10324,,No.88 기믹 퍼핏－데스티니 레오,,,
,10331,,No.22 프랑켄,,,
,10379,,오비탈 7,,,
,10404,,No.92 위해신룡 Heart－eartH Dragon,,,
,10405,,No.53 위해신 Heart－eartH,,,
,10457,,No.106 거암장 자이언트 핸드,,,
,10480,,No.42 스타쉽 갤럭시 토마호크,,,
,10525,,No.107 갤럭시아이즈 타키온 드래곤,,,
,10562,,No.47 나이트메어 샤크,,,
,10642,,비상의 G,,,
,10656,,No.102 홀리 라이트닝 글로리어스 헤일로,,,
,10657,,No.66 패건갑충 마스터 키 비틀,,,
,10658,,No.104 마스커레이드 매지션 샤이닝,,,
,10676,,Vain－배신의 조소,,,
,10701,,No.54 반골의 투사 라이언하트,,,
,10702,,No.44 백천마 스카이 페가수스,,,
,10703,,No.49 비조 포츈츈,,,
,10704,,No.57 분신룡 트레스라군,,,
,10705,,No.63 주걱 솔저,,,
,10706,,No.74 매지컬 크라운－미싱 스워드,,,
,10707,,No.85 크레이지 박스,,,
,10708,,No.87 설월화미신 퀸 오브 나이츠,,,
,10781,,No.46 신영룡 드래글루온,,,
,10782,,No.64 늙은 너구리 삼태부,,,
,10811,,BIG Win!?,,,
,10818,,대치의 G,,,
,10843,,No.72 라인몬스터 채리엇 비차,,,
,10847,,No.48 섀도우 리치,,,
,10854,,No.73 격롱신 어비스 스플래시,,,
,10855,,No.94 극빙희 크리스탈 제로,,,
,10879,,성검 EX－칼리번,,,
,10882,,기아기아노 MK－Ⅲ,,,
,10933,,No.101 사일런트 아너즈 아크 나이트,,,
,10934,,No.39 유토피아 루츠,,,
,10973,,No.36 오파츠 초기관 포크 휴크,,,
,10975,,No.18 문장조 플레인 코트,,,
,11018,,No.13 케인즈 데블,,,
,11019,,No.31 아밸즈 데블,,,
,11020,,No.82 하트랜드라코,,,
,11025,,No.58 염압귀 버너 바이서,,,
,11069,,No.62 갤럭시아이즈 프라임 포톤 드래곤,,,
,11071,,No.103 신장령양 라그나 제로,,,
,11074,,No.80 광장패왕 랩소디 인 버서크,,,
,11076,,No.43 혼백괴뢰귀 소울 마리오네터,,,
,11097,,잭팟 7,,,
,11111,,No.55 고고고 골라이아스,,,
,11122,,No.52 다이아몬드 크랩 킹,,,
,11132,,No.39 희망황 비욘드 더 호프,,,
,11246,,의식마인 데몰릿셔,,,
,11247,,전지맨－9볼트,,,
,11255,,화려한 스파이－C,,,
,11305,,No.99 희망황룡 호프드라군,,,
,11391,,독주의 제1악장,,,
,11459,,No.23 명계의 영기사 란슬롯,,,
,11606,,No.81 초노급포탑열차 슈페리어 도라,,,
,11651,,No.95 갤럭시아이즈 다크매터 드래곤,,,
,11653,,No.14 욕망의 사라메야,,,
,11654,,No.21 빙결의 레이디 저스티스,,,
,11713,,sophia의 네크로즈,,,
,11829,,응전의 G,,,
,11961,,전설의 어부 3세,,,
,11985,,Dr.프랑게,,,
,12088,,No.93 유토피아 카이저,,,
,12259,,No.37 희망직룡 스파이더 샤크,,,
,12260,,No.38 희망괴룡 타이타닉 갤럭시,,,
,12261,,No.35 라베노스 타란툴라,,,
,12262,,No.84 페인 게이너,,,
,12263,,No.77 더 세븐 신즈,,,
,12542,,손 잡는 마인,,,
,12544,,No.100 누메론 드래곤,,,
,12545,,No.24 룡혈귀 드라큐라스,,,
,12546,,No.45 멸망의 예언자 크램블 로고스,,,
,12547,,No.51 괴완의 피니시 홀드,,,
,12548,,No.59 백 더 쿡,,,
,12549,,No.78 넘버즈 아카이브,,,
,12550,,No.98 절망황 호프리스,,,
,12582,,A－어썰트 코어,,,
,12583,,B－버스터 드레이크,,,
,12584,,C－크러시 와이반,,,
,12589,,AtoZ－드래곤 버스터캐논,,,
,12590,,ABC－드래곤 버스터,,,
,12653,,A 세포 변환 장치,,,
,12709,,D－퓨전,,,
,12762,,창성신 tierra,,,
,12779,,초중첩자 시노비－A·C,,,
,12802,,터미널 월드 NEXT,,,
,12890,,No.28 타이타닉 모스,,,
,12891,,No.70 데들리 씬,,,
,12946,,거대전함 빅 코어 MK－Ⅲ,,,
,13162,,No.29 마네킹캣,,,
,13163,,No.41 이수마수 바구스카,,,
,13164,,No.68 마천뢰 산달폰,,,
,13165,,No.71 리바리언 샤크,,,
,13166,,No.89 전뇌수 디아블로시스,,,
,13176,,전설의 어부 2세,,,
,13190,,본딩－D2O,,,
,13191,,본딩－DHO,,,
,13407,,접촉의 G,,,
,13472,,BM－4 폭탄 스파이더,,,
,13546,,No.5 망롱룡 데스 키메라 드래곤,,,
,13823,,No.27 노급전함－드레드노이드,,,
,13824,,No.67 파라다이스매셔,,,
,13825,,No.75 혹란의 가십 섀도우,,,
,13826,,No.90 갤럭시아이즈 포톤 로드,,,
,13988,,초장갑병기 로보 블랙아이언G,,,
,13989,,G전대 샤인블랙,,,
,14002,,첩자 마스터 SAIZO,,,
,14072,,제2차미계역탐험대,,,
,14114,,바렐로드 새비지 드래곤,,,
,14220,,No.39 유토피아 더블,,,
,14290,,사이버스 리마인더,,,
,14319,,D－택틱스,,,
,14472,,빅 바이퍼 T301,,,
,14484,,쌍성신 a－vida,,,
,14563,,No.26 차원공로 옥토바이패스,,,
,14564,,No.60 타임리스의 듀가레스,,,
,14565,,No.76 해조광사 그라디엘,,,
,14566,,No.97 룡영신 드래글라비온,,,
,14590,,이블 마인드,,,
,14693,,올드 마인드,,,
,14823,,"자동기계법사 9763 ""구칠육삼""",,,
,14824,,"자동기계두꺼비 4624 ""사육이사""",,,
,14922,,도도도 드워프－GG,,,
,14930,,L·G·D,,,
,15380,,No.1 게이트 오브 누메론－에캄,,,
,15381,,No.2 게이트 오브 누메론－드베,,,
,15382,,No.3 게이트 오브 누메론－트리니,,,
,15383,,No.4 게이트 오브 누메론－차투바리,,,
,15386,,No.3 지옥선왕 로커스트 킹,,,
,15463,,해피 레이디·SC,,,
,15547,,레이더즈 엄브레이커블 마인드,,,
,15568,,피험체 뮤트리아 M－05,,,
,15569,,피험체 뮤트리아 ST－46,,,
,15640,,드라이트론－메테오니스＝DRA,,,
,15641,,드라이트론－메테오니스＝QUA,,,
,15692,,암드 드래곤 썬더 LV10,,,
,15693,,암드 드래곤 썬더 LV7,,,
,15694,,암드 드래곤 썬더 LV5,,,
,15695,,암드 드래곤 썬더 LV3,,,
,15696,,암드 드래곤 LV10－화이트,,,
,15773,,피험체 뮤트리아 GB－88,,,
,15999,,스타 마인,,,
,16405,,D－포스,,,
,16406,,닥터－D,,,
,16424,,No.4 맹독자포 스텔스 크라겐,,,
,16471,,No.99 유토피아 드래그너,,,
,16486,,X・Y・Z 하이퍼캐논,,,
,16866,,X・Y・Z 컴바인,,,
,17137,,바바리안 0호,,,
,17140,,수륙양용 버그로스 MK－11,,,
,17255,,No.39 유토피아 라이징,,,
